form_id,main_ui_screen_id,label,form_key,functional_area_code,active,system_created,show_in_app_menu,path_type,configured_path,candidate_url,form_configuration_url,route_category,inspection_requirement,route_verified_live,configuration_table_or_view,config_form_inspection_status,config_form_screen_link_visible,help_page_reference,part_count,group_count,control_count,grid_column_count,configured_part_names,metadata_source
2,37,Configurations,UI_CFG,520,Y,Y,Y,1,,,https://trav.manhscale.com/scale/details/form/2,legacy_or_unresolved,no_configured_web_route,False,,loaded_matching_form,False,,0,0,0,0,[],Snapdragon/database/main_ui_screens.json
7,20,Shipment Explorer,UI_SHIPMENTEXPLORER,40,N,Y,Y,1,,,https://trav.manhscale.com/scale/details/form/7,inactive,do_not_count_as_current_route,False,,not_inspected,False,,0,0,0,0,[],Snapdragon/database/main_ui_screens.json
13,21,Shipment Quick Find,UI_SHPQFD,40,N,Y,Y,1,,,https://trav.manhscale.com/scale/details/form/13,inactive,do_not_count_as_current_route,False,,not_inspected,False,,0,0,0,0,[],Snapdragon/database/main_ui_screens.json
15,14,Wave Explorer,UI_LAUNCHEXPLORER,30,N,Y,Y,1,,,https://trav.manhscale.com/scale/details/form/15,inactive,do_not_count_as_current_route,False,,not_inspected,False,,0,0,0,0,[],Snapdragon/database/main_ui_screens.json
28,17,Packing,UI_PACKING,40,N,Y,Y,4,,,https://trav.manhscale.com/scale/details/form/28,inactive,do_not_count_as_current_route,False,,not_inspected,False,,0,0,0,0,[],Snapdragon/database/main_ui_screens.json
40,29,Work Quick Find,UI_WRKQFD,50,N,Y,Y,1,,,https://trav.manhscale.com/scale/details/form/40,inactive,do_not_count_as_current_route,False,,not_inspected,False,,0,0,0,0,[],Snapdragon/database/main_ui_screens.json
48,43,Transaction and Process History,UI_HSTQFD,80,N,Y,Y,1,,,https://trav.manhscale.com/scale/details/form/48,inactive,do_not_count_as_current_route,False,,not_inspected,False,,0,0,0,0,[],Snapdragon/database/main_ui_screens.json
51,58,Quality History,UI_HSTQLT,100,N,Y,Y,1,,,https://trav.manhscale.com/scale/details/form/51,inactive,do_not_count_as_current_route,False,,not_inspected,False,,0,0,0,0,[],Snapdragon/database/main_ui_screens.json
60,18,Manifest Explorer,UI_MANIFESTEXPLORER,40,N,Y,Y,1,,,https://trav.manhscale.com/scale/details/form/60,inactive,do_not_count_as_current_route,False,,not_inspected,False,,0,0,0,0,[],Snapdragon/database/main_ui_screens.json
61,47,MNU_DisplayProperties,UI_DISPLAYPROPERTIES,510,Y,Y,Y,1,,,https://trav.manhscale.com/scale/details/form/61,legacy_or_unresolved,no_configured_web_route,False,,loaded_matching_form,False,,0,0,0,0,[],Snapdragon/database/main_ui_screens.json
62,23,Shipping Container Workbench,UI_SHIPPINGCNTWORKBENCH,40,N,Y,Y,1,,,https://trav.manhscale.com/scale/details/form/62,inactive,do_not_count_as_current_route,False,,not_inspected,False,,0,0,0,0,[],Snapdragon/database/main_ui_screens.json
65,7,Location Explorer,UI_LOCATIONEXPLORER,20,N,Y,Y,1,,,https://trav.manhscale.com/scale/details/form/65,inactive,do_not_count_as_current_route,False,,not_inspected,False,,0,0,0,0,[],Snapdragon/database/main_ui_screens.json
69,8,Location Quick Find,UI_LOCATIONQF,20,N,Y,Y,1,,,https://trav.manhscale.com/scale/details/form/69,inactive,do_not_count_as_current_route,False,,not_inspected,False,,0,0,0,0,[],Snapdragon/database/main_ui_screens.json
72,6,Inventory Management,UI_INVENTORYMANAGEMENT,540,N,Y,Y,1,,,https://trav.manhscale.com/scale/details/form/72,inactive,do_not_count_as_current_route,False,,not_inspected,False,,0,0,0,0,[],Snapdragon/database/main_ui_screens.json
73,16,Close Container,UI_CLOSECONTAINER,40,N,Y,Y,1,,,https://trav.manhscale.com/scale/details/form/73,inactive,do_not_count_as_current_route,False, ,not_inspected,False,,0,0,0,0,[],Snapdragon/database/main_ui_screens.json
76,46,Audit Log Viewer,AUDITLOGVIEWERUI,120,N,Y,Y,1,,,https://trav.manhscale.com/scale/details/form/76,inactive,do_not_count_as_current_route,False,AUDIT_LOG,not_inspected,False,,0,0,0,0,[],Snapdragon/database/main_ui_screens.json
83,30,Archive Data,UI_ARCHIVE,530,Y,Y,Y,1,,,https://trav.manhscale.com/scale/details/form/83,legacy_or_unresolved,no_configured_web_route,False,,loaded_matching_form,False,,0,0,0,0,[],Snapdragon/database/main_ui_screens.json
87,59,Receipt Quality History,UI_HSTRECQLT,100,N,Y,Y,1,,,https://trav.manhscale.com/scale/details/form/87,inactive,do_not_count_as_current_route,False,RECEIPT_QUALITY_HISTORY,not_inspected,False,,0,0,0,0,[],Snapdragon/database/main_ui_screens.json
90,2,Receiving Workbench,UI_RECEIVINGWORKBENCH,540,N,Y,Y,1,,,https://trav.manhscale.com/scale/details/form/90,inactive,do_not_count_as_current_route,False,,not_inspected,False,,0,0,0,0,[],Snapdragon/database/main_ui_screens.json
99,40,Interface Data,UI_INTERFACEDATA,530,Y,Y,Y,1,,,https://trav.manhscale.com/scale/details/form/99,legacy_or_unresolved,no_configured_web_route,False,,loaded_matching_form,False,,0,0,0,0,[],Snapdragon/database/main_ui_screens.json
100,22,Shipping Container Identification,UI_SHPCNTID,510,N,Y,Y,1,,,https://trav.manhscale.com/scale/details/form/100,inactive,do_not_count_as_current_route,False,,not_inspected,False,,0,0,0,0,[],Snapdragon/database/main_ui_screens.json
102,10,Work Order Workbench,UI_WORKORDERWORKBENCH,20,N,Y,Y,1,,,https://trav.manhscale.com/scale/details/form/102,inactive,do_not_count_as_current_route,False,,not_inspected,False,,0,0,0,0,[],Snapdragon/database/main_ui_screens.json
116,12,Finished Item Breakdown,UI_FINISHEDITEMBREAKDOWN,20,N,Y,Y,1,,,https://trav.manhscale.com/scale/details/form/116,inactive,do_not_count_as_current_route,False,,not_inspected,False,,0,0,0,0,[],Snapdragon/database/main_ui_screens.json
124,13,Order Entry,UI_INT_ORD_ENT,510,Y,Y,Y,1,,,https://trav.manhscale.com/scale/details/form/124,legacy_or_unresolved,no_configured_web_route,False,,loaded_matching_form,False,,0,0,0,0,[],Snapdragon/database/main_ui_screens.json
143,5,Immediate Needs Viewer,UI_IMMEDIATENEEDSVIEWER,20,N,Y,Y,1,,,https://trav.manhscale.com/scale/details/form/143,inactive,do_not_count_as_current_route,False,,not_inspected,False,,0,0,0,0,[],Snapdragon/database/main_ui_screens.json
147,36,Billing Management Manual Generation,UI_PKCOSTMANUALGENERATIONUI,530,Y,Y,Y,1,,,https://trav.manhscale.com/scale/details/form/147,legacy_or_unresolved,no_configured_web_route,False,,loaded_matching_form,False,,0,0,0,0,[],Snapdragon/database/main_ui_screens.json
153,49,Manual Inventory Adjustment,UI_MANUALINVENTORYADJUSTMENT,530,Y,Y,Y,1,,,https://trav.manhscale.com/scale/details/form/153,legacy_or_unresolved,no_configured_web_route,False,,loaded_matching_form,False,,0,0,0,0,[],Snapdragon/database/main_ui_screens.json
159,57,Background Job Queue Viewer,UI_VWRQPROCREQ,120,N,Y,Y,1,,,https://trav.manhscale.com/scale/details/form/159,inactive,do_not_count_as_current_route,False,Q_PROCESS_REQUEST,not_inspected,False,reaqueueprocess.htm,0,0,0,0,[],Snapdragon/database/main_ui_screens.json
160,3,Receipt Container Viewer,UI_VWRRECEIPTCONTAINER,10,N,Y,Y,1,,,https://trav.manhscale.com/scale/details/form/160,inactive,do_not_count_as_current_route,False,RECEIPT_CONTAINER,not_inspected,False,viewRecCont.htm,0,0,0,0,[],Snapdragon/database/main_ui_screens.json
184,65,Performance Management Dashboard,UI_PERFMGMTDASHBOARD,100,N,Y,Y,1,,,https://trav.manhscale.com/scale/details/form/184,inactive,do_not_count_as_current_route,False,,not_inspected,False,,0,0,0,0,[],Snapdragon/database/main_ui_screens.json
293,51,System Text Editor,UI_CFGRFE,530,Y,Y,Y,1,,,https://trav.manhscale.com/scale/details/form/293,legacy_or_unresolved,no_configured_web_route,False,,loaded_matching_form,False,,0,0,0,0,[],Snapdragon/database/main_ui_screens.json
2004,50,MNU_ScanAndWeighConfig,UI_CFGSCANANDWEIGH,530,Y,Y,Y,1,,,https://trav.manhscale.com/scale/details/form/2004,legacy_or_unresolved,no_configured_web_route,False,,loaded_matching_form,False,,0,0,0,0,[],Snapdragon/database/main_ui_screens.json
2079,52,User Activity Viewer,UI_USERACTIVITY,120,N,Y,Y,4,,,https://trav.manhscale.com/scale/details/form/2079,inactive,do_not_count_as_current_route,False,,not_inspected,False,,0,0,0,0,[],Snapdragon/database/main_ui_screens.json
2126,9,Lot Workbench,UI_LOTWORKBENCH,20,N,Y,Y,1,,,https://trav.manhscale.com/scale/details/form/2126,inactive,do_not_count_as_current_route,False,,not_inspected,False,,0,0,0,0,[],Snapdragon/database/main_ui_screens.json
2149,63,Rate Shopping,RateShoppingUI,40,N,Y,Y,1,,,https://trav.manhscale.com/scale/details/form/2149,inactive,do_not_count_as_current_route,False,,not_inspected,False,,0,0,0,0,[],Snapdragon/database/main_ui_screens.json
2151,64,World Ease Quick Find,WorldEaseGroupQFUI,40,N,Y,Y,1,,,https://trav.manhscale.com/scale/details/form/2151,inactive,do_not_count_as_current_route,False,,not_inspected,False,,0,0,0,0,[],Snapdragon/database/main_ui_screens.json
2500,34,Shipment Header Archive Viewer,UI_VWR_AR_SHIPMENTHEADER,60,N,Y,Y,1,,,https://trav.manhscale.com/scale/details/form/2500,inactive,do_not_count_as_current_route,False,AR_SHIPMENT_HEADER,not_inspected,False,procDataArch.htm,0,0,0,0,[],Snapdragon/database/main_ui_screens.json
2501,33,Shipment Detail Archive Viewer,UI_VWR_AR_SHIPMENTDETAIL,60,N,Y,Y,1,,,https://trav.manhscale.com/scale/details/form/2501,inactive,do_not_count_as_current_route,False,AR_SHIPMENT_DETAIL,not_inspected,False,procDataArch.htm,0,0,0,0,[],Snapdragon/database/main_ui_screens.json
2502,32,Receipt Header Archive Viewer,UI_VWR_AR_RECEIPTHEADER,60,N,Y,Y,1,,,https://trav.manhscale.com/scale/details/form/2502,inactive,do_not_count_as_current_route,False,AR_RECEIPT_HEADER,not_inspected,False,procDataArch.htm,0,0,0,0,[],Snapdragon/database/main_ui_screens.json
2503,31,Receipt Detail Archive Viewer,UI_VWR_AR_RECEIPTDETAIL,60,N,Y,Y,1,,,https://trav.manhscale.com/scale/details/form/2503,inactive,do_not_count_as_current_route,False,AR_RECEIPT_DETAIL,not_inspected,False,procDataArch.htm,0,0,0,0,[],Snapdragon/database/main_ui_screens.json
2513,39,Trading Partner Management,MNU_EXCHANGE,80,Y,Y,Y,6,/tpm/trans/tpmdashboard,https://trav.manhscale.com/tpm/trans/tpmdashboard,https://trav.manhscale.com/scale/details/form/2513,tpm,separate_portal,False,,loaded_matching_form,True,,0,0,0,0,[],Snapdragon/database/main_ui_screens.json
2514,41,RF,MNU_R&F,80,Y,Y,Y,6,/RF/logon.aspx,https://trav.manhscale.com/RF/logon.aspx,https://trav.manhscale.com/scale/details/form/2514,legacy_rf,separate_mobile_scope,False,,loaded_matching_form,True,,0,0,0,0,[],Snapdragon/database/main_ui_screens.json
2520,54,Warehouse Alerts,UI_WAREHOUSEALERTSVIEWER,510,Y,Y,Y,1,,,https://trav.manhscale.com/scale/details/form/2520,legacy_or_unresolved,no_configured_web_route,False,,loaded_matching_form,False,,0,0,0,0,[],Snapdragon/database/main_ui_screens.json
2552,56,RFID History,UI_VWRRFIDHISTORY,510,Y,Y,Y,1,,,https://trav.manhscale.com/scale/details/form/2552,legacy_or_unresolved,no_configured_web_route,False,RFID_HISTORY,loaded_matching_form,False,,0,0,0,0,[],Snapdragon/database/main_ui_screens.json
2555,55,Slotting Interface,UI_SLOTINTERFACE,530,Y,Y,Y,1,,,https://trav.manhscale.com/scale/details/form/2555,legacy_or_unresolved,no_configured_web_route,False,,loaded_matching_form,False,slotInt.htm,0,0,0,0,[],Snapdragon/database/main_ui_screens.json
2594,66,Replenishment Request Viewer,UI_REPLENISHMENT_REQUEST,20,N,Y,Y,1,,,https://trav.manhscale.com/scale/details/form/2594,inactive,do_not_count_as_current_route,False,REPLENISHMENT_REQUEST,not_inspected,False,,0,0,0,0,[],Snapdragon/database/main_ui_screens.json
2595,69,Yard Check in & Out,UI_YARDPROCESSING,540,Y,Y,Y,1,,,https://trav.manhscale.com/scale/details/form/2595,legacy_or_unresolved,no_configured_web_route,False,,loaded_matching_form,False,,0,0,0,0,[],Snapdragon/database/main_ui_screens.json
2598,70,Billing Management,UI_BILLINGMANAGEMENT,70,Y,Y,Y,6,http://OCIEAPP/BMWEB,http://OCIEAPP/BMWEB,https://trav.manhscale.com/scale/details/form/2598,external_application,separate_application,False,,loaded_matching_form,True,,0,0,0,0,[],Snapdragon/database/main_ui_screens.json
2599,71,Progistics,UI_PROGISTICS,80,Y,Y,Y,6,,,https://trav.manhscale.com/scale/details/form/2599,legacy_or_unresolved,no_configured_web_route,False,,loaded_matching_form,False,,0,0,0,0,[],Snapdragon/database/main_ui_screens.json
2600,72,Slotting Optimization,UI_SLOTTINGOPTIMIZATION,110,N,Y,Y,3,,,https://trav.manhscale.com/scale/details/form/2600,inactive,do_not_count_as_current_route,False,,not_inspected,False,,0,0,0,0,[],Snapdragon/database/main_ui_screens.json
2610,73,Shipped Lot Viewer,UI_SHIPPED_LOT,20,N,Y,Y,1,,,https://trav.manhscale.com/scale/details/form/2610,inactive,do_not_count_as_current_route,False,SHIPPED_LOT_VIEW,not_inspected,False,,0,0,0,0,[],Snapdragon/database/main_ui_screens.json
2617,74,Dock Manager,UI_DOCKMANAGER,40,N,Y,Y,4,,,https://trav.manhscale.com/scale/details/form/2617,inactive,do_not_count_as_current_route,False,,not_inspected,False,,0,0,0,0,[],Snapdragon/database/main_ui_screens.json
2669,75,Supply Chain Intelligence,UI_SCI,100,Y,Y,Y,6,http://OCIEAPP/SCI,http://OCIEAPP/SCI,https://trav.manhscale.com/scale/details/form/2669,external_application,separate_application,False,,loaded_matching_form,True,,0,0,0,0,[],Snapdragon/database/main_ui_screens.json
2680,78,Multiple Order Pallet Viewer,UI_MOP_VIEWER,40,N,Y,Y,1,,,https://trav.manhscale.com/scale/details/form/2680,inactive,do_not_count_as_current_route,False,MULTI_ORDER_PALLET_VIEW,not_inspected,False,,0,0,0,0,[],Snapdragon/database/main_ui_screens.json
2681,77,VAS Workbench,UI_VASWORKBENCH,40,N,Y,Y,4,,,https://trav.manhscale.com/scale/details/form/2681,inactive,do_not_count_as_current_route,False,,not_inspected,False,,0,0,0,0,[],Snapdragon/database/main_ui_screens.json
2683,76,QC Workbench,UI_QCWORKBENCH,40,N,Y,Y,4,,,https://trav.manhscale.com/scale/details/form/2683,inactive,do_not_count_as_current_route,False,,not_inspected,False,,0,0,0,0,[],Snapdragon/database/main_ui_screens.json
2705,81,Interface Error Viewer,UI_INTERFACE_ERROR,80,N,Y,Y,1,,,https://trav.manhscale.com/scale/details/form/2705,inactive,do_not_count_as_current_route,False,INTERFACE_ERROR,not_inspected,False,,0,0,0,0,[],Snapdragon/database/main_ui_screens.json
2715,82,Shipment Detail Allocation Rejection Viewer,UI_SHIPMENT_DETAIL_REJECTION,40,N,Y,Y,1,,,https://trav.manhscale.com/scale/details/form/2715,inactive,do_not_count_as_current_route,False,SHIPMENT_DETAIL,not_inspected,False,ShipmentDetailRejectionViewer.htm,0,0,0,0,[],Snapdragon/database/main_ui_screens.json
2718,84,Movement Class Analysis Viewer,UI_MOVEMENT_CLASS_ANALYSIS_VIEW,540,Y,Y,Y,1,,,https://trav.manhscale.com/scale/details/form/2718,legacy_or_unresolved,no_configured_web_route,False,MOVEMENT_CLASS_ANALYSIS_VIEW,loaded_matching_form,False,MovementClassAnalysisViewer.htm,0,0,0,0,[],Snapdragon/database/main_ui_screens.json
2723,1767,Inventory Insight,MNU_INVENTORYINSIGHT,20,Y,Y,Y,6,/scale/insights/2723,https://trav.manhscale.com/scale/insights/2723,https://trav.manhscale.com/scale/details/form/2723,insight,direct_route_candidate,False,Metadata_Insight_Inventory_View,loaded_matching_form,True,InventoryViewer.htm,7,26,65,38,"['SaveSearchModalDialog', 'GadgetCalculationQueryDialog', 'InsightMenuPane', 'SearchPane', 'ListPane', 'DetailPane', 'UpdateCatchWeightModalDialog']",Snapdragon/database/main_ui_screens.json
2735,1621,Shipment Insight,MNU_SHIPMENTINSIGHT,40,Y,N,Y,6,/scale/insights/2735,https://trav.manhscale.com/scale/insights/2735,https://trav.manhscale.com/scale/details/form/2735,insight,direct_route_candidate,False,METADATA_SHIPMENT_INSIGHT_VIEW,loaded_matching_form,True,ShipmentInsight.htm,6,23,70,39,"['SaveSearchModalDialog', 'SplitShipmentConfirmationModalDialog', 'InsightMenuPane', 'SearchPane', 'ListPane', 'DetailPane']",Snapdragon/database/main_ui_screens.json
2735,1786,Shipment Insight,MNU_SHIPMENTINSIGHT,40,N,Y,Y,6,/scale/insights/2735,https://trav.manhscale.com/scale/insights/2735,https://trav.manhscale.com/scale/details/form/2735,inactive,do_not_count_as_current_route,False,METADATA_SHIPMENT_INSIGHT_VIEW,loaded_matching_form,True,ShipmentInsight.htm,7,27,74,39,"['SaveSearchModalDialog', 'SplitShipmentConfirmationModalDialog', 'GadgetCalculationQueryDialog', 'InsightMenuPane', 'SearchPane', 'ListPane', 'DetailPane']",Snapdragon/database/main_ui_screens.json
2757,1797,Work Insight,MNU_WORKINSIGHT,50,Y,Y,Y,6,/scale/insights/2757,https://trav.manhscale.com/scale/insights/2757,https://trav.manhscale.com/scale/details/form/2757,insight,direct_route_candidate,False,METADATA_WORK_INSIGHT_VIEW,loaded_matching_form,True,WorkInsight.htm,11,41,82,40,"['SaveSearchModalDialog', 'GadgetCalculationQueryDialog', 'AssignHoldCodeModalDialog', 'InsightMenuPane', 'SearchPane', 'ListPane', 'DetailPane', 'ChangePriorityModalDialog', 'AssignUserModalDialog', 'AssignTeamModalDialog', 'CompletedByUserModalDialog']",Snapdragon/database/main_ui_screens.json
2759,1445,Work Instruction,MNU_WORKINSTRUCTIONDETAILS,50,Y,Y,N,6,/scale/details/workinstruction,https://trav.manhscale.com/scale/details/workinstruction,https://trav.manhscale.com/scale/details/form/2759,record_detail_template,record_context_required,False,WorkInstructionView,loaded_matching_form,True,processWork.htm,1,10,72,0,['CrudDataPane'],Snapdragon/database/main_ui_screens.json
2760,1689,Shipment,MNU_SHIPMENTDETAILS,40,Y,Y,N,6,/scale/details/shipment,https://trav.manhscale.com/scale/details/shipment,https://trav.manhscale.com/scale/details/form/2760,record_detail_template,record_context_required,False,ShipmentHeaderView,loaded_matching_form,True,createShipment.htm,1,19,164,44,['CrudDataPane'],Snapdragon/database/main_ui_screens.json
2765,1539,Receiving Appointment Schedule,MNU_RECAPPSCHEDULETRANSACTION,10,Y,Y,N,6,/scale/trans/recappschedule,https://trav.manhscale.com/scale/trans/recappschedule,https://trav.manhscale.com/scale/details/form/2765,transaction_context,context_required_do_not_submit,False,MetaTrans_GetRecAppSchedule,loaded_matching_form,True,RecvApptSchedule.htm,1,6,26,0,['CrudDataPane'],Snapdragon/database/main_ui_screens.json
2767,1765,Immediate Needs Insight,MNU_ImmediateNeedsInsight,20,Y,Y,Y,6,/scale/insights/2767,https://trav.manhscale.com/scale/insights/2767,https://trav.manhscale.com/scale/details/form/2767,insight,direct_route_candidate,False,IMMEDIATE_NEEDS_REQUEST,loaded_matching_form,True,immNeedsInsight.htm,7,25,46,21,"['SaveSearchModalDialog', 'GadgetCalculationQueryDialog', 'InsightMenuPane', 'SearchPane', 'ListPane', 'DetailPane', 'ChangePriorityModalDialog']",Snapdragon/database/main_ui_screens.json
2768,1770,Lot Insight,MNU_LOTINSIGHT,20,Y,Y,Y,6,/scale/insights/2768,https://trav.manhscale.com/scale/insights/2768,https://trav.manhscale.com/scale/details/form/2768,insight,direct_route_candidate,False,LOT_VIEW,loaded_matching_form,True,useLots.htm,6,21,36,14,"['SaveSearchModalDialog', 'GadgetCalculationQueryDialog', 'InsightMenuPane', 'SearchPane', 'ListPane', 'DetailPane']",Snapdragon/database/main_ui_screens.json
2769,1498,Work Monitoring: Group,MNU_WORK_MONITORING_GROUP,50,Y,Y,Y,6,/scale/monitors/2769,https://trav.manhscale.com/scale/monitors/2769,https://trav.manhscale.com/scale/details/form/2769,monitor,direct_route_candidate,False,,loaded_matching_form,True,workmonitoringgroup.htm,3,6,16,0,"['MonitorMenuPane', 'monitorchartPane', 'monitorindicatorpane']",Snapdragon/database/main_ui_screens.json
2770,94,Consolidated Container Location Viewer,UI_CONSOL_CONT_LOC_VIEWER,40,N,Y,Y,1,,,https://trav.manhscale.com/scale/details/form/2770,inactive,do_not_count_as_current_route,False,SHIPMENT_HEADER_ORDER_VIEW,not_inspected,False,consolContLocViewer.htm,0,0,0,0,[],Snapdragon/database/main_ui_screens.json
2771,1497,Work Monitoring: Customer,MNU_WORK_MONITORING_CUSTOMER,50,Y,Y,Y,6,/scale/monitors/2771,https://trav.manhscale.com/scale/monitors/2771,https://trav.manhscale.com/scale/details/form/2771,monitor,direct_route_candidate,False,,loaded_matching_form,True,workmonitoringcustomer.htm,3,6,16,0,"['MonitorMenuPane', 'monitorchartPane', 'monitorindicatorpane']",Snapdragon/database/main_ui_screens.json
2772,1576,Inventory Adjustment,MNU_INVENTORYADJUSTMENTTRANSACTION,20,Y,Y,Y,6,/scale/trans/inventoryAdjustment,https://trav.manhscale.com/scale/trans/inventoryAdjustment,https://trav.manhscale.com/scale/details/form/2772,transaction_menu,view_only_do_not_submit,False,MetaTrans_GetInventoryAdjustment,loaded_matching_form,True,adjInv.htm,1,6,25,0,['CrudDataPane'],Snapdragon/database/main_ui_screens.json
2773,1796,Wave Insight,MNU_WAVEINSIGHT,30,Y,Y,Y,6,/scale/insights/2773,https://trav.manhscale.com/scale/insights/2773,https://trav.manhscale.com/scale/details/form/2773,insight,direct_route_candidate,False,WAVE_InsightDetailPaneData,loaded_matching_form,True,waveInsight.htm,7,26,53,35,"['SaveSearchModalDialog', 'InsightMenuPane', 'SearchPane', 'ListPane', 'DetailPane', 'WaveLabelReprintChoiceModalDialog', 'GadgetCalculationQueryDialog']",Snapdragon/database/main_ui_screens.json
2774,1774,Planned Shipment Insight,MNU_PLANNEDSHIPMENTINSIGHT,30,Y,Y,Y,6,/scale/insights/2774,https://trav.manhscale.com/scale/insights/2774,https://trav.manhscale.com/scale/details/form/2774,insight,direct_route_candidate,False,METADATA_SHIPMENT_INSIGHT_VIEW,loaded_matching_form,True,usingPlannedShipInsight.htm,6,22,59,44,"['SaveSearchModalDialog', 'GadgetCalculationQueryDialog', 'InsightMenuPane', 'SearchPane', 'ListPane', 'DetailPane']",Snapdragon/database/main_ui_screens.json
2775,1595,Inventory Transfer,MNU_INVENTORYTRANSFERTRANSACTION,20,Y,Y,Y,6,/scale/trans/inventoryTransfer,https://trav.manhscale.com/scale/trans/inventoryTransfer,https://trav.manhscale.com/scale/details/form/2775,transaction_menu,view_only_do_not_submit,False,InventoryTransferRequestProcessor,loaded_matching_form,True,transferInv.htm,1,6,26,0,['CrudDataPane'],Snapdragon/database/main_ui_screens.json
2776,1787,Shipment Line Insight,MNU_SHIPMENTLINEINSIGHT,40,Y,Y,Y,6,/scale/insights/2776,https://trav.manhscale.com/scale/insights/2776,https://trav.manhscale.com/scale/details/form/2776,insight,direct_route_candidate,False,METADATA_SHIPMENT_INSIGHT_VIEW,loaded_matching_form,True,shipLineInsight.htm,6,20,45,31,"['SaveSearchModalDialog', 'GadgetCalculationQueryDialog', 'InsightMenuPane', 'SearchPane', 'ListPane', 'DetailPane']",Snapdragon/database/main_ui_screens.json
2777,1781,Receipt Insight,MNU_RECEIPTINSIGHT,10,Y,Y,Y,6,/scale/insights/2777,https://trav.manhscale.com/scale/insights/2777,https://trav.manhscale.com/scale/details/form/2777,insight,direct_route_candidate,False,METADATA_INSIGHT_RECEIPT_VIEW,loaded_matching_form,True,ReceiptInsight.htm,7,25,62,31,"['SaveSearchModalDialog', 'GadgetCalculationQueryDialog', 'InsightMenuPane', 'SearchPane', 'ListPane', 'DetailPane', 'AssignTrailerModalDialog']",Snapdragon/database/main_ui_screens.json
2778,1784,Receipt Quality History Insight,MNU_RECEIPTQUALITYHISTORYINSIGHT,100,Y,Y,Y,6,/scale/insights/2778,https://trav.manhscale.com/scale/insights/2778,https://trav.manhscale.com/scale/details/form/2778,insight,direct_route_candidate,False,METADATA_RECEIPT_QUALITY_HISTORY,loaded_matching_form,True,usingRecQualHistIns.htm,6,21,36,14,"['SaveSearchModalDialog', 'GadgetCalculationQueryDialog', 'InsightMenuPane', 'SearchPane', 'ListPane', 'DetailPane']",Snapdragon/database/main_ui_screens.json
2779,1782,Receipt Container Insight,MNU_RECEIPTCONTAINERINSIGHT,10,Y,Y,Y,6,/scale/insights/2779,https://trav.manhscale.com/scale/insights/2779,https://trav.manhscale.com/scale/details/form/2779,insight,direct_route_candidate,False,METADATA_INSIGHT_RECEIPT_CONTAINER_VIEW,loaded_matching_form,True,ReceiptContInsight.htm,6,20,51,26,"['SaveSearchModalDialog', 'GadgetCalculationQueryDialog', 'InsightMenuPane', 'SearchPane', 'ListPane', 'DetailPane']",Snapdragon/database/main_ui_screens.json
2780,1783,Receipt Line Insight,MNU_RECEIPTLINEINSIGHT,10,Y,Y,Y,6,/scale/insights/2780,https://trav.manhscale.com/scale/insights/2780,https://trav.manhscale.com/scale/details/form/2780,insight,direct_route_candidate,False,METADATA_RECEIPT_INSIGHT_VIEW,loaded_matching_form,True,ReceiptLineInsight.htm,6,21,40,23,"['SaveSearchModalDialog', 'GadgetCalculationQueryDialog', 'InsightMenuPane', 'SearchPane', 'ListPane', 'DetailPane']",Snapdragon/database/main_ui_screens.json
2783,1792,Transaction History Insight,MNU_TRANSACTIONHISTORYINSIGHT,80,Y,Y,Y,6,/scale/insights/2783,https://trav.manhscale.com/scale/insights/2783,https://trav.manhscale.com/scale/details/form/2783,insight,direct_route_candidate,False,METADATA_INSIGHT_TRAN_HIST_VIEW,loaded_matching_form,True,TranHistoryInsight.htm,6,19,39,25,"['SaveSearchModalDialog', 'GadgetCalculationQueryDialog', 'InsightMenuPane', 'SearchPane', 'ListPane', 'DetailPane']",Snapdragon/database/main_ui_screens.json
2785,1773,Multiple Order Pallet Insight,MNU_MULTIPLEORDERPALLETINSIGHT,40,Y,Y,Y,6,/scale/insights/2785,https://trav.manhscale.com/scale/insights/2785,https://trav.manhscale.com/scale/details/form/2785,insight,direct_route_candidate,False,METADATA_INSIGHT_MOP_VIEW,loaded_matching_form,True,MultOrderPalletInsight.htm,6,20,33,19,"['SaveSearchModalDialog', 'GadgetCalculationQueryDialog', 'InsightMenuPane', 'SearchPane', 'ListPane', 'DetailPane']",Snapdragon/database/main_ui_screens.json
2787,1798,Work Order Insight,MNU_WORKORDERINSIGHT,20,Y,Y,Y,6,/scale/insights/2787,https://trav.manhscale.com/scale/insights/2787,https://trav.manhscale.com/scale/details/form/2787,insight,direct_route_candidate,False,METADATA_INSIGHT_WORK_ORDER_HEADER_VIEW,loaded_matching_form,True,WorkOrderInsight.htm,6,22,57,29,"['SaveSearchModalDialog', 'GadgetCalculationQueryDialog', 'InsightMenuPane', 'SearchPane', 'ListPane', 'DetailPane']",Snapdragon/database/main_ui_screens.json
2789,1800,Work Order Line Insight,MNU_WOLINEINSIGHT,20,Y,Y,Y,6,/scale/insights/2789,https://trav.manhscale.com/scale/insights/2789,https://trav.manhscale.com/scale/details/form/2789,insight,direct_route_candidate,False,METADATA_INSIGHT_WORK_ORDER_DETAIL_VIEW,loaded_matching_form,True,workOrderLineInsight.htm,6,21,40,27,"['SaveSearchModalDialog', 'GadgetCalculationQueryDialog', 'InsightMenuPane', 'SearchPane', 'ListPane', 'DetailPane']",Snapdragon/database/main_ui_screens.json
2790,1788,Shipped Lot Insight,MNU_SHIPPEDLOTINSIGHT,20,Y,Y,Y,6,/scale/insights/2790,https://trav.manhscale.com/scale/insights/2790,https://trav.manhscale.com/scale/details/form/2790,insight,direct_route_candidate,False,METADATA_INSIGHT_SHIPPED_LOT_VIEW,loaded_matching_form,True,usingShipLotIns.htm,6,19,31,20,"['SaveSearchModalDialog', 'GadgetCalculationQueryDialog', 'InsightMenuPane', 'SearchPane', 'ListPane', 'DetailPane']",Snapdragon/database/main_ui_screens.json
2791,1778,Putaway Group Insight,MNU_PUTAWAYGROUPINSIGHT,10,Y,Y,Y,6,/scale/insights/2791,https://trav.manhscale.com/scale/insights/2791,https://trav.manhscale.com/scale/details/form/2791,insight,direct_route_candidate,False,METADATA_INSIGHT_PUTAWAYGROUP_VIEW,loaded_matching_form,True,putawaygrpwbench.htm,7,25,33,7,"['SaveSearchModalDialog', 'GadgetCalculationQueryDialog', 'InsightMenuPane', 'SearchPane', 'ListPane', 'RenamePutawayGroupModalDialog', 'DetailPane']",Snapdragon/database/main_ui_screens.json
2795,1693,Background Job Queue Insight,MNU_BACKJOBINSIGHT,120,Y,Y,Y,6,/scale/insights/2795,https://trav.manhscale.com/scale/insights/2795,https://trav.manhscale.com/scale/details/form/2795,insight,direct_route_candidate,False,METADATA_INSIGHT_BACK_JOB_VIEW,loaded_matching_form,True,backgrndJobQueueInsight.htm,5,15,18,8,"['SaveSearchModalDialog', 'InsightMenuPane', 'SearchPane', 'ListPane', 'DetailPane']",Snapdragon/database/main_ui_screens.json
2796,1776,Purchase Order Insight,MNU_PURCHASEORDERINSIGHT,10,Y,Y,Y,6,/scale/insights/2796,https://trav.manhscale.com/scale/insights/2796,https://trav.manhscale.com/scale/details/form/2796,insight,direct_route_candidate,False,METADATA_INSIGHT_PURCHASE_ORDER_HEADER_VIEW,loaded_matching_form,True,purchaseOrderInsight.htm,6,21,47,18,"['SaveSearchModalDialog', 'GadgetCalculationQueryDialog', 'InsightMenuPane', 'SearchPane', 'ListPane', 'DetailPane']",Snapdragon/database/main_ui_screens.json
2797,1777,Purchase Order Line Insight,MNU_PURCHASEORDERLINEINSIGHT,10,Y,Y,Y,6,/scale/insights/2797,https://trav.manhscale.com/scale/insights/2797,https://trav.manhscale.com/scale/details/form/2797,insight,direct_route_candidate,False,METADATA_INSIGHT_PURCHASE_ORDER_DETAIL_VIEW,loaded_matching_form,True,purchaseOrderLineInsight.htm,6,20,38,16,"['SaveSearchModalDialog', 'GadgetCalculationQueryDialog', 'InsightMenuPane', 'SearchPane', 'ListPane', 'DetailPane']",Snapdragon/database/main_ui_screens.json
2798,1771,Manifest Insight,MNU_MANIFESTINSIGHT,40,Y,Y,Y,6,/scale/insights/2798,https://trav.manhscale.com/scale/insights/2798,https://trav.manhscale.com/scale/details/form/2798,insight,direct_route_candidate,False,METADATA_INSIGHT_MANIFEST_VIEW,loaded_matching_form,True,manifestInsight.htm,6,20,32,15,"['SaveSearchModalDialog', 'GadgetCalculationQueryDialog', 'InsightMenuPane', 'SearchPane', 'ListPane', 'DetailPane']",Snapdragon/database/main_ui_screens.json
3001,1421,Lot,MNU_LOTDETAILS,20,Y,Y,N,6,/scale/details/lot,https://trav.manhscale.com/scale/details/lot,https://trav.manhscale.com/scale/details/form/3001,record_detail_template,record_context_required,False,LotView,loaded_matching_form,True,useLots.htm,1,8,27,5,['CrudDataPane'],Snapdragon/database/main_ui_screens.json
3003,1670,Wave,MNU_WAVEDETAILDETAILS,30,Y,Y,N,6,/scale/details/wavedetail,https://trav.manhscale.com/scale/details/wavedetail,https://trav.manhscale.com/scale/details/form/3003,record_detail_template,record_context_required,False,LaunchStatistics,loaded_matching_form,True,laustatwin.htm,1,8,35,0,['CrudDataPane'],Snapdragon/database/main_ui_screens.json
3004,1430,Replenishment Request,MNU_REPLENISHMENTREQUESTDETAILDETAILS,20,Y,Y,N,6,/scale/details/replenishmentrequestdetail,https://trav.manhscale.com/scale/details/replenishmentrequestdetail,https://trav.manhscale.com/scale/details/form/3004,record_detail_template,record_context_required,False,ReplenishmentRequestView,loaded_matching_form,True,ReplenishmentInsight.htm,1,10,70,0,['CrudDataPane'],Snapdragon/database/main_ui_screens.json
3005,1666,Receipt Container,MNU_RECEIPTCONTAINERDETAILS,10,Y,Y,N,6,/scale/details/receiptcontainer,https://trav.manhscale.com/scale/details/receiptcontainer,https://trav.manhscale.com/scale/details/form/3005,record_detail_template,record_context_required,False,ReceiptContainerView,loaded_matching_form,True,procReceipt.htm,1,10,59,0,['CrudDataPane'],Snapdragon/database/main_ui_screens.json
3006,1415,Immediate Needs,MNU_IMMEDIATENEEDSDETAILS,120,Y,Y,N,6,/scale/details/immediateneeds,https://trav.manhscale.com/scale/details/immediateneeds,https://trav.manhscale.com/scale/details/form/3006,record_detail_template,record_context_required,False,ImmediateNeedsRequest,loaded_matching_form,True,reaImmdNeed.htm,1,7,32,0,['CrudDataPane'],Snapdragon/database/main_ui_screens.json
3010,1755,Manual Replenishment,MNU_MANUALREPLENISHMENTTRANSACTION,50,Y,Y,N,6,/scale/trans/manualreplenishment,https://trav.manhscale.com/scale/trans/manualreplenishment,https://trav.manhscale.com/scale/details/form/3010,transaction_context,context_required_do_not_submit,False,MetaTrans_ManualReplenishment,loaded_matching_form,True,replenman.htm,1,4,3,2,['CrudDataPane'],Snapdragon/database/main_ui_screens.json
3011,1554,Transfer Container,MNU_TRANSFERCONTAINERTRANSACTION,120,Y,Y,N,6,/scale/trans/transfercontainer,https://trav.manhscale.com/scale/trans/transfercontainer,https://trav.manhscale.com/scale/details/form/3011,transaction_context,context_required_do_not_submit,False,MetaTrans_GetTransferContainer,loaded_matching_form,True,wincontrans.htm,1,6,17,0,['CrudDataPane'],Snapdragon/database/main_ui_screens.json
3017,1688,Shipment Line,MNU_SHIPMENTDETAILDETAILS,120,Y,Y,N,6,/scale/details/shipmentdetail,https://trav.manhscale.com/scale/details/shipmentdetail,https://trav.manhscale.com/scale/details/form/3017,record_detail_template,record_context_required,False,ShipmentDetail,loaded_matching_form,True,createShipDetail.htm,1,22,155,32,['CrudDataPane'],Snapdragon/database/main_ui_screens.json
3020,1433,Shipping Container,MNU_SHIPPINGCONTAINERDETAILS,40,Y,Y,N,6,/scale/details/shippingcontainer,https://trav.manhscale.com/scale/details/shippingcontainer,https://trav.manhscale.com/scale/details/form/3020,record_detail_template,record_context_required,False,ShippingContainer,loaded_matching_form,True,shipmentProcess.htm,1,16,84,32,['CrudDataPane'],Snapdragon/database/main_ui_screens.json
3024,1521,Dock Location Transfer,MNU_DOCKLOCTRANSFERTRANSACTION,40,Y,Y,N,6,/scale/trans/dockloctransfer,https://trav.manhscale.com/scale/trans/dockloctransfer,https://trav.manhscale.com/scale/details/form/3024,transaction_context,context_required_do_not_submit,False,MetaTrans_DockLocationTransfer,loaded_matching_form,True,procDockMgmtWork.htm,1,7,24,0,['CrudDataPane'],Snapdragon/database/main_ui_screens.json
3025,1555,Transfer Shipment,MNU_TRANSFERSHIPMENTTRANSACTION,40,Y,Y,N,6,/scale/trans/transfershipment,https://trav.manhscale.com/scale/trans/transfershipment,https://trav.manhscale.com/scale/details/form/3025,transaction_context,context_required_do_not_submit,False,TransferShipmentsRequestProcessor,loaded_matching_form,True,createShipLoad.htm,2,11,24,0,"['CrudDataPane', 'AssignCarrierServiceModalDialog']",Snapdragon/database/main_ui_screens.json
3026,1668,Shipping Load,MNU_SHIPPINGLOADDETAILS,40,Y,Y,N,6,/scale/details/shippingload,https://trav.manhscale.com/scale/details/shippingload,https://trav.manhscale.com/scale/details/form/3026,record_detail_template,record_context_required,False,ShippingLoadShippingAddressView,loaded_matching_form,True,createShipLoad.htm,2,14,60,0,"['CrudDataPane', 'AssignCarrierServiceModalDialog']",Snapdragon/database/main_ui_screens.json
3027,1557,Update Quantity to Pack,MNU_UPDATEQUANTITYTOPACKTRANSACTION,40,Y,Y,N,6,/scale/trans/updatequantitytopack,https://trav.manhscale.com/scale/trans/updatequantitytopack,https://trav.manhscale.com/scale/details/form/3027,transaction_context,context_required_do_not_submit,False,IUpdateQuantityToPackProcessor,loaded_matching_form,True,updateQuanPackWin.htm,1,5,12,0,['UpdateQtyToPackDataPane'],Snapdragon/database/main_ui_screens.json
3028,1516,Shipment Consolidation,MNU_CONSOLIDATESHIPMENTTRANSACTION,40,Y,Y,N,6,/scale/trans/consolidateshipment,https://trav.manhscale.com/scale/trans/consolidateshipment,https://trav.manhscale.com/scale/details/form/3028,transaction_context,context_required_do_not_submit,False,MetaTrans_GetConsolidateShipment,loaded_matching_form,True,ConsolidateShipment.htm,1,9,33,28,['CrudDataPane'],Snapdragon/database/main_ui_screens.json
3029,1664,Close Container,MNU_CLOSECONTAINERTRANSACTION,40,Y,Y,Y,6,/scale/trans/closecontainer,https://trav.manhscale.com/scale/trans/closecontainer,https://trav.manhscale.com/scale/details/form/3029,transaction_menu,view_only_do_not_submit,False,MetaTrans_GetCloseContainer,loaded_matching_form,True,CloseContainer.htm,1,8,28,0,['CrudDataPane'],Snapdragon/database/main_ui_screens.json
3030,1537,Print Documents,MNU_PRINTSELECTEDDOCUMENTSTRANSACTION,80,Y,Y,N,6,/scale/trans/printselecteddocuments,https://trav.manhscale.com/scale/trans/printselecteddocuments,https://trav.manhscale.com/scale/details/form/3030,transaction_context,context_required_do_not_submit,False,MetaTrans_GetPrintSelectedDocuments,loaded_matching_form,True,printPaperwork.htm,1,3,9,0,['MainDataPane'],Snapdragon/database/main_ui_screens.json
3031,1545,Shipment Level Manifesting,MNU_SHIPMENTLEVELMANIFESTINGTRANSACTION,50,Y,Y,N,6,/scale/trans/shipmentlevelmanifesting,https://trav.manhscale.com/scale/trans/shipmentlevelmanifesting,https://trav.manhscale.com/scale/details/form/3031,transaction_context,context_required_do_not_submit,False,MetaTrans_ShipmentLevelManifesting,loaded_matching_form,True,manContShip.htm,1,5,20,0,['MainDataPane'],Snapdragon/database/main_ui_screens.json
3033,1523,Inventory,MNU_INVENTORYTRANSACTION,20,Y,Y,N,6,/scale/trans/inventory,https://trav.manhscale.com/scale/trans/inventory,https://trav.manhscale.com/scale/details/form/3033,transaction_context,context_required_do_not_submit,False,MetaTrans_GetInventory,loaded_matching_form,True,InventoryViewer.htm,1,13,70,0,['CrudDataPane'],Snapdragon/database/main_ui_screens.json
3034,1428,Receipt,MNU_RECEIPTDETAILS,10,Y,Y,N,6,/scale/details/receipt,https://trav.manhscale.com/scale/details/receipt,https://trav.manhscale.com/scale/details/form/3034,record_detail_template,record_context_required,False,ReceiptHeaderView,loaded_matching_form,True,createRecHeadDet.htm,1,12,83,13,['CrudDataPane'],Snapdragon/database/main_ui_screens.json
3035,1427,Receipt Line,MNU_RECEIPTDETAILDETAILS,10,Y,Y,N,6,/scale/details/receiptdetail,https://trav.manhscale.com/scale/details/receiptdetail,https://trav.manhscale.com/scale/details/form/3035,record_detail_template,record_context_required,False,ReceiptDetail,loaded_matching_form,True,createRecHeadDet.htm,1,11,82,0,['CrudDataPane'],Snapdragon/database/main_ui_screens.json
3036,1542,Receipt From Shipment,MNU_RECEIPTFROMSHIPTRANSACTION,40,Y,Y,N,6,/scale/trans/receiptFromship,https://trav.manhscale.com/scale/trans/receiptFromship,https://trav.manhscale.com/scale/details/form/3036,transaction_context,context_required_do_not_submit,False,MetaTrans_GetShipmentForCreateReceipt,loaded_matching_form,True,convertShipRec.htm,1,9,25,11,['CrudDataPane'],Snapdragon/database/main_ui_screens.json
3037,1447,Work Order,MNU_WORKORDERDETAILS,20,Y,Y,N,6,/scale/details/workorder,https://trav.manhscale.com/scale/details/workorder,https://trav.manhscale.com/scale/details/form/3037,record_detail_template,record_context_required,False,WorkOrderHeader,loaded_matching_form,True,ManualWOCreate.htm,1,11,54,31,['CrudDataPane'],Snapdragon/database/main_ui_screens.json
3038,1517,Cycle Count Plan Creation,MNU_CYCLECOUNTPLANCREATIONTRANSACTION,20,Y,Y,N,6,/scale/trans/cycleCountPlanCreation,https://trav.manhscale.com/scale/trans/cycleCountPlanCreation,https://trav.manhscale.com/scale/details/form/3038,transaction_context,context_required_do_not_submit,False,MetaTrans_GetCycleCountMasterPlan,loaded_matching_form,True,planBasedCycle.htm,1,4,7,0,['CrudDataPane'],Snapdragon/database/main_ui_screens.json
3039,1519,Cycle Count Reconciliation,MNU_CYCLECOUNTRECONCILIATIONTRANSACTION,20,Y,Y,N,6,/scale/trans/cycleCountReconciliation,https://trav.manhscale.com/scale/trans/cycleCountReconciliation,https://trav.manhscale.com/scale/details/form/3039,transaction_context,context_required_do_not_submit,False,ICycleCountReconcileDataLoader,loaded_matching_form,True,rfreccc.htm,1,8,29,0,['CrudDataPane'],Snapdragon/database/main_ui_screens.json
3041,1769,Shipping Load Insight,MNU_LOADINSIGHT,40,Y,Y,Y,6,/scale/insights/3041,https://trav.manhscale.com/scale/insights/3041,https://trav.manhscale.com/scale/details/form/3041,insight,direct_route_candidate,False,SHIPPING_LOAD_VIEW,loaded_matching_form,True,ShipLoadInsight.htm,7,25,52,21,"['SaveSearchModalDialog', 'SplitShipmentConfirmationModalDialog', 'GadgetCalculationQueryDialog', 'InsightMenuPane', 'SearchPane', 'ListPane', 'DetailPane']",Snapdragon/database/main_ui_screens.json
3042,1684,Transfer Shipment Line,MNU_TRANSFERSHIPMENTLINETRANSACTION,40,Y,Y,N,6,/scale/trans/transfershipmentline,https://trav.manhscale.com/scale/trans/transfershipmentline,https://trav.manhscale.com/scale/details/form/3042,transaction_context,context_required_do_not_submit,False,MetaTrans_GetTransferShipmentDetail,loaded_matching_form,True,createShipDetail.htm,1,7,19,0,['CrudDataPane'],Snapdragon/database/main_ui_screens.json
3043,1794,VAS Insight: Container,MNU_VASWORKBENCHINSIGHT,40,Y,Y,Y,6,/scale/insights/3043,https://trav.manhscale.com/scale/insights/3043,https://trav.manhscale.com/scale/details/form/3043,insight,direct_route_candidate,False,METADATA_INSIGHT_VAS_VIEW,loaded_matching_form,True,VASworkbench.htm,4,13,20,15,"['InsightMenuPane', 'SearchPane', 'ListPane', 'GadgetCalculationQueryDialog']",Snapdragon/database/main_ui_screens.json
3044,1655,Split Shipment,MNU_SPLITSHIPMENTTRANSACTION,40,Y,Y,N,6,/scale/trans/splitshipment,https://trav.manhscale.com/scale/trans/splitshipment,https://trav.manhscale.com/scale/details/form/3044,transaction_context,context_required_do_not_submit,False,MetaTrans_SplitShipment,loaded_matching_form,True,SplitLau.htm,1,3,4,12,['CrudDataPane'],Snapdragon/database/main_ui_screens.json
3046,1785,Replenishment Insight,MNU_REPLENISHMENTINSIGHT,20,Y,Y,Y,6,/scale/insights/3046,https://trav.manhscale.com/scale/insights/3046,https://trav.manhscale.com/scale/details/form/3046,insight,direct_route_candidate,False,REPLENISHMENT_REQUEST,loaded_matching_form,True,ReplenishmentInsight.htm,6,21,44,24,"['SaveSearchModalDialog', 'InsightMenuPane', 'SearchPane', 'ListPane', 'DetailPane', 'GadgetCalculationQueryDialog']",Snapdragon/database/main_ui_screens.json
3049,1511,Add Shipment to Wave,MNU_ADDSHIPMENTTOWAVETRANSACTION,30,Y,Y,N,6,/scale/trans/addshipmenttowave,https://trav.manhscale.com/scale/trans/addshipmenttowave,https://trav.manhscale.com/scale/details/form/3049,transaction_context,context_required_do_not_submit,False,AddShipmentToWaveRequestProcessor,loaded_matching_form,True,AddLau.htm,1,7,21,3,['CrudDataPane'],Snapdragon/database/main_ui_screens.json
3050,1768,Labor Activity Insight,MNU_LABORINSIGHT,90,Y,Y,Y,6,/scale/insights/3050,https://trav.manhscale.com/scale/insights/3050,https://trav.manhscale.com/scale/details/form/3050,insight,direct_route_candidate,False,METADATA_INSIGHT_LABOR_ACTIVITY_VIEW,loaded_matching_form,True,laborActivityInsight.htm,6,21,42,35,"['SaveSearchModalDialog', 'GadgetCalculationQueryDialog', 'InsightMenuPane', 'SearchPane', 'ListPane', 'DetailPane']",Snapdragon/database/main_ui_screens.json
3051,1494,Labor Monitoring,MNU_LABOR_MONITORING,90,Y,Y,Y,6,/scale/monitors/3051,https://trav.manhscale.com/scale/monitors/3051,https://trav.manhscale.com/scale/details/form/3051,monitor,direct_route_candidate,False,,loaded_matching_form,True,laborMonitoringScreen.htm,3,6,11,0,"['MonitorMenuPane', 'monitorchartPane', 'monitorindicatorpane']",Snapdragon/database/main_ui_screens.json
3052,1562,Yard Check in & Out,MNU_YARDCHECKINOUTTRANSACTION,130,Y,Y,Y,6,/scale/trans/yardcheckinout,https://trav.manhscale.com/scale/trans/yardcheckinout,https://trav.manhscale.com/scale/details/form/3052,transaction_menu,view_only_do_not_submit,False,MetaTrans_GetTrailerDetails,loaded_matching_form,True,yardCheckInOut.htm,1,7,16,0,['CrudDataPane'],Snapdragon/database/main_ui_screens.json
3053,1532,Manual Labor Entry,MNU_MANUALLABORENTRYTRANSACTION,90,Y,Y,Y,6,/scale/trans/manuallaborentry,https://trav.manhscale.com/scale/trans/manuallaborentry,https://trav.manhscale.com/scale/details/form/3053,transaction_menu,view_only_do_not_submit,False,MetaTrans_ManualLaborActivityLog,loaded_matching_form,True,laborEntryWin.htm,1,8,17,0,['CrudDataPane'],Snapdragon/database/main_ui_screens.json
3054,1766,Interface Error Insight,MNU_INTERFACEERRORINSIGHT,80,Y,Y,Y,6,/scale/insights/3054,https://trav.manhscale.com/scale/insights/3054,https://trav.manhscale.com/scale/details/form/3054,insight,direct_route_candidate,False,INTERFACE_ERROR,loaded_matching_form,True,usingIntErrorIns.htm,6,18,30,15,"['SaveSearchModalDialog', 'GadgetCalculationQueryDialog', 'InsightMenuPane', 'SearchPane', 'ListPane', 'DetailPane']",Snapdragon/database/main_ui_screens.json
3055,1425,Quality History,MNU_QUALITYHISTORYDETAILS,100,Y,Y,N,6,/scale/details/qualityhistory,https://trav.manhscale.com/scale/details/qualityhistory,https://trav.manhscale.com/scale/details/form/3055,record_detail_template,record_context_required,False,QualityHistory,loaded_matching_form,True,researchHist.htm,1,7,28,0,['CrudDataPane'],Snapdragon/database/main_ui_screens.json
3062,1780,Quality History Insight,MNU_QUALITYHISTORYINSIGHT,100,Y,Y,Y,6,/scale/insights/3062,https://trav.manhscale.com/scale/insights/3062,https://trav.manhscale.com/scale/details/form/3062,insight,direct_route_candidate,False,METADATA_INSIGHT_QUALITY_HISTORY_VIEW,loaded_matching_form,True,usingQualHistIns.htm,6,19,36,19,"['SaveSearchModalDialog', 'GadgetCalculationQueryDialog', 'InsightMenuPane', 'SearchPane', 'ListPane', 'DetailPane']",Snapdragon/database/main_ui_screens.json
3064,1522,Finished Item Breakdown,MNU_FINISHEDITEMBREAKDOWNTRANSACTION,20,Y,Y,N,6,/scale/trans/finisheditembreakdown,https://trav.manhscale.com/scale/trans/finisheditembreakdown,https://trav.manhscale.com/scale/details/form/3064,transaction_context,context_required_do_not_submit,False,IWOBreakdownProcessor,loaded_matching_form,True,UnassembleFinItem.htm,1,7,19,13,['CrudDataPane'],Snapdragon/database/main_ui_screens.json
3066,1775,Process History Insight,MNU_PROCESSHISTORYINSIGHT,80,Y,Y,Y,6,/scale/insights/3066,https://trav.manhscale.com/scale/insights/3066,https://trav.manhscale.com/scale/details/form/3066,insight,direct_route_candidate,False,METADATA_INSIGHT_PROCESS_HISTORY_VIEW,loaded_matching_form,True,ProcessHistoryInsight.htm,6,19,29,14,"['SaveSearchModalDialog', 'GadgetCalculationQueryDialog', 'InsightMenuPane', 'SearchPane', 'ListPane', 'DetailPane']",Snapdragon/database/main_ui_screens.json
3067,1759,Audit Log Insight,MNU_AUDITLOGINSIGHT,120,Y,Y,Y,6,/scale/insights/3067,https://trav.manhscale.com/scale/insights/3067,https://trav.manhscale.com/scale/details/form/3067,insight,direct_route_candidate,False,AUDIT_LOG_VIEW,loaded_matching_form,True,reaSysErrors.htm,6,19,28,16,"['SaveSearchModalDialog', 'GadgetCalculationQueryDialog', 'InsightMenuPane', 'SearchPane', 'ListPane', 'DetailPane']",Snapdragon/database/main_ui_screens.json
3070,1793,User Activity Insight,MNU_USERACTIVITYINSIGHT,120,Y,Y,Y,6,/scale/insights/3070,https://trav.manhscale.com/scale/insights/3070,https://trav.manhscale.com/scale/details/form/3070,insight,direct_route_candidate,False,METADATA_INSIGHT_USER_ACTIVITY_VIEW,loaded_matching_form,True,useractwin.htm,6,19,26,17,"['SaveSearchModalDialog', 'GadgetCalculationQueryDialog', 'InsightMenuPane', 'SearchPane', 'ListPane', 'DetailPane']",Snapdragon/database/main_ui_screens.json
3075,1799,Work Order License Plate Insight,MNU_WORKORDERLPINSIGHT,20,Y,Y,Y,6,/scale/insights/3075,https://trav.manhscale.com/scale/insights/3075,https://trav.manhscale.com/scale/details/form/3075,insight,direct_route_candidate,False,METADATA_INSIGHT_WORK_ORDER_LICENSE_PLATE_VIEW,loaded_matching_form,True,workOrderLicPlateInsight.htm,6,21,38,17,"['SaveSearchModalDialog', 'GadgetCalculationQueryDialog', 'InsightMenuPane', 'SearchPane', 'ListPane', 'DetailPane']",Snapdragon/database/main_ui_screens.json
3080,1518,Cycle Count Quick Plan,MNU_CCQUICKPLANTRANSACTION,20,Y,Y,N,6,/scale/trans/ccquickplan,https://trav.manhscale.com/scale/trans/ccquickplan,https://trav.manhscale.com/scale/details/form/3080,transaction_context,context_required_do_not_submit,False,MetaTrans_CycleCountQuickPlan,loaded_matching_form,True,cycleCountQuickPlan.htm,1,10,48,11,['CrudDataPane'],Snapdragon/database/main_ui_screens.json
3081,1531,Lot Update Confirmation,MNU_LOTUPDATECONFTRANSACTION,20,Y,Y,N,6,/scale/trans/lotupdateconf,https://trav.manhscale.com/scale/trans/lotupdateconf,https://trav.manhscale.com/scale/details/form/3081,transaction_context,context_required_do_not_submit,False,MetaTrans_GetLotUpdateConfirmation,loaded_matching_form,True,lotConfWin.htm,1,6,22,6,['CrudDataPane'],Snapdragon/database/main_ui_screens.json
3095,1429,Receipt Quality History,MNU_RECEIPTQUALITYHISTORYDETAILS,100,Y,Y,N,6,/scale/details/receiptqualityhistory,https://trav.manhscale.com/scale/details/receiptqualityhistory,https://trav.manhscale.com/scale/details/form/3095,record_detail_template,record_context_required,False,MetadataReceiptQualityHistory,loaded_matching_form,True,researchHist.htm,1,7,32,0,['CrudDataPane'],Snapdragon/database/main_ui_screens.json
3101,1761,Cycle Count Request Insight,MNU_CYCLECOUNTREQUESTINSIGHT,20,Y,Y,Y,6,/scale/insights/3101,https://trav.manhscale.com/scale/insights/3101,https://trav.manhscale.com/scale/details/form/3101,insight,direct_route_candidate,False,METADATA_INSIGHT_CYCLE_COUNT_REQUEST_VIEW,loaded_matching_form,True,CycleCountReqInsight.htm,6,22,41,22,"['SaveSearchModalDialog', 'GadgetCalculationQueryDialog', 'InsightMenuPane', 'SearchPane', 'ListPane', 'DetailPane']",Snapdragon/database/main_ui_screens.json
3105,1760,Cycle Count Plan Insight,MNU_CYCLECOUNTPLANINSIGHT,20,Y,Y,Y,6,/scale/insights/3105,https://trav.manhscale.com/scale/insights/3105,https://trav.manhscale.com/scale/details/form/3105,insight,direct_route_candidate,False,METADATA_INSIGHT_CYCLE_COUNT_PLAN_VIEW,loaded_matching_form,True,cycleCountplanInsight.htm,6,23,43,17,"['SaveSearchModalDialog', 'GadgetCalculationQueryDialog', 'InsightMenuPane', 'SearchPane', 'ListPane', 'DetailPane']",Snapdragon/database/main_ui_screens.json
3110,1772,Movement Class Insight,MNU_MOVEMENTCLASSINSIGHT,20,Y,Y,Y,6,/scale/insights/3110,https://trav.manhscale.com/scale/insights/3110,https://trav.manhscale.com/scale/details/form/3110,insight,direct_route_candidate,False,MOVEMENT_CLASS_ANALYSIS_VIEW,loaded_matching_form,True,moveClAnalysisInsight.htm,6,21,40,33,"['SaveSearchModalDialog', 'GadgetCalculationQueryDialog', 'InsightMenuPane', 'SearchPane', 'ListPane', 'DetailPane']",Snapdragon/database/main_ui_screens.json
4000,1618,Single Unit Packing,MNU_SINGLESPACKINGTRANSACTION,40,Y,Y,Y,6,/scale/trans/singlesPacking,https://trav.manhscale.com/scale/trans/singlesPacking,https://trav.manhscale.com/scale/details/form/4000,transaction_menu,view_only_do_not_submit,False,MetaTrans_SinglesPacking,loaded_matching_form,True,singlespacking.htm,1,6,5,0,['CrudDataPane'],Snapdragon/database/main_ui_screens.json
4005,1538,QC Workbench,MNU_QCWORKBENCHTRANSACTION,40,Y,Y,Y,6,/scale/trans/qcworkbench?,https://trav.manhscale.com/scale/trans/qcworkbench?,https://trav.manhscale.com/scale/details/form/4005,transaction_menu,view_only_do_not_submit,False,MetaTrans_ShippingContainerQC,loaded_matching_form,True,QCworkbench.htm,2,6,9,0,"['CrudDataPane', 'CrudDataPane1']",Snapdragon/database/main_ui_screens.json
4006,95,Document Routing Viewer,UI_DOCUMENT_ROUTING_VIEWER,520,Y,Y,Y,1,,,https://trav.manhscale.com/scale/details/form/4006,legacy_or_unresolved,no_configured_web_route,False,DOCUMENT_ROUTING_VIEW,loaded_matching_form,False,documentRoutingViewer.htm,0,0,0,0,[],Snapdragon/database/main_ui_screens.json
4007,1536,Packing,MNU_PACKINGTRANSACTION,40,Y,Y,Y,6,/scale/trans/packing,https://trav.manhscale.com/scale/trans/packing,https://trav.manhscale.com/scale/details/form/4007,transaction_menu,view_only_do_not_submit,False,MetaTrans_Packing,loaded_matching_form,True,packContainer.htm,1,6,8,0,['CrudDataPane'],Snapdragon/database/main_ui_screens.json
4012,1493,Inventory Monitoring,MNU_INVENTORY_MONITORING,20,Y,Y,Y,6,/scale/monitors/4012,https://trav.manhscale.com/scale/monitors/4012,https://trav.manhscale.com/scale/details/form/4012,monitor,direct_route_candidate,False,METADATA_INSIGHT_INVENTORY_VIEW,loaded_matching_form,True,inventorymonitoring.htm,3,6,13,0,"['MonitorMenuPane', 'monitorchartPane', 'monitorindicatorpane']",Snapdragon/database/main_ui_screens.json
4013,1496,Shipment Monitoring: Customer,MNU_SHIPMENT_MONITORING_CUST,40,Y,Y,Y,6,/scale/monitors/4013,https://trav.manhscale.com/scale/monitors/4013,https://trav.manhscale.com/scale/details/form/4013,monitor,direct_route_candidate,False,,loaded_matching_form,True,shipmentmonitoringCust.htm,3,6,12,0,"['MonitorMenuPane', 'monitorchartPane', 'monitorindicatorpane']",Snapdragon/database/main_ui_screens.json
4015,1416,Inventory Attributes,MNU_INVENTORYATTRIBUTESDETAILS,20,Y,Y,N,6,/scale/details/inventoryattributes,https://trav.manhscale.com/scale/details/inventoryattributes,https://trav.manhscale.com/scale/details/form/4015,record_detail_template,record_context_required,False,LocationInventoryAttributesView,loaded_matching_form,True,usingInvAttrib.htm,1,8,38,0,['CrudDataPane'],Snapdragon/database/main_ui_screens.json
4016,1544,Reprint Wave Labels,MNU_REPRINTWAVELABELSTRANSACTION,30,Y,Y,N,6,/scale/trans/reprintwavelabels,https://trav.manhscale.com/scale/trans/reprintwavelabels,https://trav.manhscale.com/scale/details/form/4016,transaction_context,context_required_do_not_submit,False,MetaTrans_ReprintWaveLabels,loaded_matching_form,True,selWavePrint.htm,2,8,8,0,"['WaveLabelReprintChoiceModalDialog', 'CrudDataPane']",Snapdragon/database/main_ui_screens.json
4017,1543,Reprint Wave Documents,MNU_REPRINTWAVEDOCSTRANSACTION,30,Y,Y,N,6,/scale/trans/reprintwavedocs,https://trav.manhscale.com/scale/trans/reprintwavedocs,https://trav.manhscale.com/scale/details/form/4017,transaction_context,context_required_do_not_submit,False,MetaTrans_ReprintWaveDocs,loaded_matching_form,True,selWavePrint.htm,2,8,8,0,"['WaveDocumentReprintChoiceModalDialog', 'CrudDataPane']",Snapdragon/database/main_ui_screens.json
4018,1530,Lookup,MNU_LOOKUPTRANSACTION,80,Y,Y,N,6,/scale/trans/lookup,https://trav.manhscale.com/scale/trans/lookup,https://trav.manhscale.com/scale/details/form/4018,transaction_context,context_required_do_not_submit,False,MetaTrans_GetLookup,loaded_matching_form,True,lookupwin.htm,3,5,5,0,"['LookupMenuPane', 'SearchPane', 'ListPane']",Snapdragon/database/main_ui_screens.json
4020,1558,Cancel Wave,MNU_WAVECANCELTRANSACTION,30,Y,Y,N,6,/scale/trans/wavecancel,https://trav.manhscale.com/scale/trans/wavecancel,https://trav.manhscale.com/scale/details/form/4020,transaction_context,context_required_do_not_submit,False,IWaveRequestProcessor,loaded_matching_form,True,Cancelwave.htm,1,3,4,7,['CrudDataPane'],Snapdragon/database/main_ui_screens.json
4023,1559,Wave Printer Selection,MNU_WAVEPRINTERSELECTIONTRANSACTION,30,Y,Y,N,6,scale/trans/waveprinterselection,https://trav.manhscale.com/scale/trans/waveprinterselection,https://trav.manhscale.com/scale/details/form/4023,transaction_context,context_required_do_not_submit,False,MetaTrans_WavePrinterSelection,loaded_matching_form,True,selWavePrint.htm,1,4,5,0,['CrudDataPane'],Snapdragon/database/main_ui_screens.json
4024,1513,Build Wave,MNU_BUILDWAVETRANSACTION,30,Y,Y,N,6,/scale/trans/buildwave,https://trav.manhscale.com/scale/trans/buildwave,https://trav.manhscale.com/scale/details/form/4024,transaction_context,context_required_do_not_submit,False,MetaTrans_BuildWave,loaded_matching_form,True,BuildWave.htm,1,6,4,3,['CrudDataPane'],Snapdragon/database/main_ui_screens.json
4026,1789,Shipping Container Insight,MNU_SHIPPINGCONTAINERINSIGHT,40,Y,Y,Y,6,/scale/insights/4026,https://trav.manhscale.com/scale/insights/4026,https://trav.manhscale.com/scale/details/form/4026,insight,direct_route_candidate,False,METADATA_INSIGHT_SHIPPING_CONTAINER_VIEW,loaded_matching_form,True,shipContInsight.htm,7,27,72,33,"['SaveSearchModalDialog', 'InsightMenuPane', 'SearchPane', 'ListPane', 'GadgetCalculationQueryDialog', 'UpdateQuantityModalDialog', 'DetailPane']",Snapdragon/database/main_ui_screens.json
4031,1535,New Wave,MNU_NEWWAVETRANSACTION,30,Y,Y,N,6,/scale/trans/newwave,https://trav.manhscale.com/scale/trans/newwave,https://trav.manhscale.com/scale/details/form/4031,transaction_context,context_required_do_not_submit,False,MetaTrans_GetNewWave,loaded_matching_form,True,CreatLaurec.htm,1,5,6,5,['CrudDataPane'],Snapdragon/database/main_ui_screens.json
4034,1413,Audit Log,MNU_AUDITLOGDETAILS,120,Y,Y,N,6,/scale/details/auditlog,https://trav.manhscale.com/scale/details/auditlog,https://trav.manhscale.com/scale/details/form/4034,record_detail_template,record_context_required,False,AuditLogView,loaded_matching_form,True,reaSysErrors.htm,1,6,31,0,['CrudDataPane'],Snapdragon/database/main_ui_screens.json
4035,1748,Transaction History,MNU_TRANSACTIONHISTORYDETAILS,80,Y,Y,N,6,/scale/details/transactionhistory,https://trav.manhscale.com/scale/details/transactionhistory,https://trav.manhscale.com/scale/details/form/4035,record_detail_template,record_context_required,False,TransactionHistoryInventoryAttributeView,loaded_matching_form,True,hstransdetwin.htm ,1,13,73,0,['CrudDataPane'],Snapdragon/database/main_ui_screens.json
4036,1641,Process History,MNU_PROCESSHISTORYDETAILS,80,Y,Y,N,6,/scale/details/processhistory,https://trav.manhscale.com/scale/details/processhistory,https://trav.manhscale.com/scale/details/form/4036,record_detail_template,record_context_required,False,ProcessHistory,loaded_matching_form,True,hsprocdetwin.htm ,1,6,20,0,['CrudDataPane'],Snapdragon/database/main_ui_screens.json
4037,1683,Shipment Selection,MNU_SHIPMENTSELECTIONTRANSACTION,40,Y,Y,N,6,/scale/trans/shipmentselection,https://trav.manhscale.com/scale/trans/shipmentselection,https://trav.manhscale.com/scale/details/form/4037,transaction_context,context_required_do_not_submit,False,MetaTrans_ShipmentSelection,loaded_matching_form,True,WinShipmentSelect.htm,1,4,4,11,['CrudDataPane'],Snapdragon/database/main_ui_screens.json
4038,1541,Receipt Workbench,MNU_RECEIPTWORKBENCHTRANSACTION,10,Y,Y,Y,6,/scale/trans/receiptWorkBench,https://trav.manhscale.com/scale/trans/receiptWorkBench,https://trav.manhscale.com/scale/details/form/4038,transaction_menu,view_only_do_not_submit,False,MetaTrans_ReceiptWorkbench,loaded_matching_form,True,checkLocate.htm,1,6,9,0,['CrudDataPane'],Snapdragon/database/main_ui_screens.json
4040,1534,Nest Container,MNU_NESTCONTAINERTRANSACTION,40,Y,Y,N,6,/scale/trans/NestContainer,https://trav.manhscale.com/scale/trans/NestContainer,https://trav.manhscale.com/scale/details/form/4040,transaction_context,context_required_do_not_submit,False,NestContainerRequestProcessor,loaded_matching_form,True,nestCont.htm,1,5,7,0,['CrudDataPane'],Snapdragon/database/main_ui_screens.json
4041,1640,Cycle Count Plan,MNU_CYCLECOUNTPLANDETAILS,20,Y,Y,N,6,/scale/details/cyclecountplan,https://trav.manhscale.com/scale/details/cyclecountplan,https://trav.manhscale.com/scale/details/form/4041,record_detail_template,record_context_required,False,CycleCountPlan,loaded_matching_form,True,planBasedCycle.htm,1,7,18,0,['CrudDataPane'],Snapdragon/database/main_ui_screens.json
4044,1671,Work Order Line,MNU_WORKORDERLINEDETAILS,20,Y,Y,N,6,/scale/details/workorderline,https://trav.manhscale.com/scale/details/workorderline,https://trav.manhscale.com/scale/details/form/4044,record_detail_template,record_context_required,False,WorkOrderDetailView,loaded_matching_form,True,ManualWOCreate.htm,1,9,44,0,['CrudDataPane'],Snapdragon/database/main_ui_screens.json
4045,1529,Location Unit of Measure,MNU_LOCATIONUNITMEASURETRANSACTION,20,Y,Y,N,6,/scale/trans/locationunitmeasure,https://trav.manhscale.com/scale/trans/locationunitmeasure,https://trav.manhscale.com/scale/details/form/4045,transaction_context,context_required_do_not_submit,False,MetaTrans_GetLocationInventory,loaded_matching_form,True,LocationUM.htm,1,5,8,9,['CrudDataPane'],Snapdragon/database/main_ui_screens.json
4046,1520,Warehouse Dashboard,MNU_DASHBOARDTRANSACTION,100,Y,Y,Y,6,/scale/trans/dashboard,https://trav.manhscale.com/scale/trans/dashboard,https://trav.manhscale.com/scale/details/form/4046,transaction_menu,view_only_do_not_submit,False,MetaTrans_Dashboard,loaded_matching_form,True,warehouseDashboard.htm,1,0,0,0,['CrudDataPane'],Snapdragon/database/main_ui_screens.json
4047,1560,Work Order Component Allocation,MNU_WOCOMPALLOCTRANSACTION,20,Y,Y,N,6,/scale/trans/wocompalloc,https://trav.manhscale.com/scale/trans/wocompalloc,https://trav.manhscale.com/scale/details/form/4047,transaction_context,context_required_do_not_submit,False,MetaTrans_WorkOrderComponentAllocation,loaded_matching_form,True,procWorkOrder.htm,1,5,12,0,['CrudDataPane'],Snapdragon/database/main_ui_screens.json
4048,1572,Work Order Confirmation,MNU_WORKORDERCONFIRMATIONTRANSACTION,20,Y,Y,N,6,/scale/trans/workorderConfirm,https://trav.manhscale.com/scale/trans/workorderConfirm,https://trav.manhscale.com/scale/details/form/4048,transaction_context,context_required_do_not_submit,False,WorkOrderConfirmationDataLoader,loaded_matching_form,True,procWorkOrder.htm,1,8,17,0,['CrudDataPane'],Snapdragon/database/main_ui_screens.json
4049,1423,Purchase Order,MNU_PURCHASEORDERDETAILS,10,Y,Y,N,6,/scale/details/purchaseorder,https://trav.manhscale.com/scale/details/purchaseorder,https://trav.manhscale.com/scale/details/form/4049,record_detail_template,record_context_required,False,PurchaseOrderHeaderView,loaded_matching_form,True,procPO.htm,1,10,57,9,['CrudDataPane'],Snapdragon/database/main_ui_screens.json
4050,1510,Accessorial Assignment,MNU_ACCESSORIALASSIGNTRANSACTION,40,Y,Y,N,6,/scale/trans/accessorialassign,https://trav.manhscale.com/scale/trans/accessorialassign,https://trav.manhscale.com/scale/details/form/4050,transaction_context,context_required_do_not_submit,False,MetaTrans_ViewAccessorials,loaded_matching_form,True,assignAcc.htm,1,0,0,0,['CrudDataPane'],Snapdragon/database/main_ui_screens.json
4051,1665,Purchase Order Line,MNU_PURCHASEORDERLINEDETAILS,10,Y,Y,N,6,/scale/details/purchaseorderline,https://trav.manhscale.com/scale/details/purchaseorderline,https://trav.manhscale.com/scale/details/form/4051,record_detail_template,record_context_required,False,PurchaseOrderDetailView,loaded_matching_form,True,procPO.htm,1,10,56,0,['CrudDataPane'],Snapdragon/database/main_ui_screens.json
4052,1802,Receipt From Purchase Order,MNU_RECEIPTFROMPOTRANSACTION,40,Y,Y,N,6,/scale/trans/receiptFromPO,https://trav.manhscale.com/scale/trans/receiptFromPO,https://trav.manhscale.com/scale/details/form/4052,transaction_context,context_required_do_not_submit,False,MetaTrans_GetReceiptFromPO,loaded_matching_form,True,recFromPO.htm,1,7,25,12,['MainDataPane'],Snapdragon/database/main_ui_screens.json
4053,1687,Labor Activity,MNU_LABORACTIVITYDETAILS,90,Y,Y,N,6,/scale/details/laboractivity,https://trav.manhscale.com/scale/details/laboractivity,https://trav.manhscale.com/scale/details/form/4053,record_detail_template,record_context_required,False,LaborManagementDetailView,loaded_matching_form,True,laborActivityDetail.htm,1,7,48,0,['CrudDataPane'],Snapdragon/database/main_ui_screens.json
4055,1515,Close Manifest,MNU_CLOSEMANIFESTTRANSACTION,50,Y,Y,N,6,/scale/trans/closemanifest,https://trav.manhscale.com/scale/trans/closemanifest,https://trav.manhscale.com/scale/details/form/4055,transaction_context,context_required_do_not_submit,False,MetaTrans_Closemanifest,loaded_matching_form,True,processManifest.htm,1,3,6,0,['MainDataPane'],Snapdragon/database/main_ui_screens.json
4056,1594,Inventory Status Change,MNU_INVSTATUSCHANGETRANSACTION,20,Y,Y,Y,6,/scale/trans/invStatusChange,https://trav.manhscale.com/scale/trans/invStatusChange,https://trav.manhscale.com/scale/details/form/4056,transaction_menu,view_only_do_not_submit,False,StatusChangeRequestProcessor,loaded_matching_form,True,adjInv.htm,1,6,21,0,['CrudDataPane'],Snapdragon/database/main_ui_screens.json
4058,1690,Order,MNU_TPMORDERENTRYDETAILS,40,Y,Y,Y,7,/tpm/details/tpmorderentry,https://trav.manhscale.com/tpm/details/tpmorderentry,https://trav.manhscale.com/scale/details/form/4058,tpm,separate_portal,False,OrderHeader,loaded_matching_form,True,TPMorderHeader.htm,1,8,29,13,['CrudDataPane'],Snapdragon/database/main_ui_screens.json
4059,1603,Order Line,MNU_TPMORDERLINEENTRYDETAILS,40,Y,Y,N,7,/tpm/details/tpmorderlineentry,https://trav.manhscale.com/tpm/details/tpmorderlineentry,https://trav.manhscale.com/scale/details/form/4059,tpm,separate_portal,False,OrderDetail,loaded_matching_form,True,TPMorderLine.htm,1,4,11,0,['CrudDataPane'],Snapdragon/database/main_ui_screens.json
4061,1437,Order Submitted,MNU_TPMORDERSUBMITDETAILS,40,Y,Y,N,7,/tpm/details/tpmordersubmit,https://trav.manhscale.com/tpm/details/tpmordersubmit,https://trav.manhscale.com/scale/details/form/4061,tpm,separate_portal,False,OrderHeader,loaded_matching_form,True,,1,3,12,11,['MainDataPane'],Snapdragon/database/main_ui_screens.json
4063,1550,Personal Views,MNU_TPMPERSONALVIEWSTRANSACTION,80,Y,Y,Y,7,/tpm/trans/tpmpersonalviews,https://trav.manhscale.com/tpm/trans/tpmpersonalviews,https://trav.manhscale.com/scale/details/form/4063,tpm,separate_portal,False,MetaTrans_TpmPersonalViews,loaded_matching_form,True,TPMPersonalViews.htm,1,3,4,0,['MainDataPane'],Snapdragon/database/main_ui_screens.json
4064,1440,Receipt,MNU_TPMRECEIPTENTRYDETAILS,10,Y,Y,Y,7,/tpm/details/tpmreceiptentry,https://trav.manhscale.com/tpm/details/tpmreceiptentry,https://trav.manhscale.com/scale/details/form/4064,tpm,separate_portal,False,ReceiptHeaderView,loaded_matching_form,True,TPMReciept.htm,1,7,25,9,['CrudDataPane'],Snapdragon/database/main_ui_screens.json
4065,1658,Order Status Insight,MNU_TPMORDERSTSINSIGHT,40,Y,Y,Y,7,/tpm/insights/4065,https://trav.manhscale.com/tpm/insights/4065,https://trav.manhscale.com/scale/details/form/4065,tpm,separate_portal,False,METADATA_INSIGHT_TPM_ORDER_STATUS_VIEW,loaded_matching_form,True,TpmOrderStatusInsight.htm,5,16,34,15,"['SaveSearchModalDialog', 'InsightMenuPane', 'SearchPane', 'ListPane', 'DetailPane']",Snapdragon/database/main_ui_screens.json
4066,1477,Order Line Status Insight,MNU_TPMORDERLINESTSINSIGHT,40,Y,Y,Y,7,/tpm/insights/4066,https://trav.manhscale.com/tpm/insights/4066,https://trav.manhscale.com/scale/details/form/4066,tpm,separate_portal,False,METADATA_INSIGHT_TPM_ORDER_LINE_STATUS_VIEW,loaded_matching_form,True,TpmOrderLineStatusInsight.htm,5,15,29,19,"['SaveSearchModalDialog', 'InsightMenuPane', 'SearchPane', 'ListPane', 'DetailPane']",Snapdragon/database/main_ui_screens.json
4067,1657,Order Container Status Insight,MNU_TPMORDERCONTAINERSTSINSIGHT,40,Y,Y,Y,7,/tpm/insights/4067,https://trav.manhscale.com/tpm/insights/4067,https://trav.manhscale.com/scale/details/form/4067,tpm,separate_portal,False,METADATA_INSIGHT_TPM_ORDER_CONTAINER_STATUS_VIEW,loaded_matching_form,True,TPMOrderContStatInsight.htm,5,17,31,19,"['SaveSearchModalDialog', 'InsightMenuPane', 'SearchPane', 'ListPane', 'DetailPane']",Snapdragon/database/main_ui_screens.json
4068,1548,Trading Partner Management,MNU_TPMDASHBOARDTRANSACTION,80,Y,Y,N,7,/tpm/trans/tpmdashboard,https://trav.manhscale.com/tpm/trans/tpmdashboard,https://trav.manhscale.com/scale/details/form/4068,tpm,separate_portal,False,MetatpmTrans_Dashboard,loaded_matching_form,True,TPMDashboard.htm,1,0,0,0,['CrudDataPane'],Snapdragon/database/main_ui_screens.json
4069,1512,Appointment Calendar,MNU_APPTSCHEDULETRANSACTION,10,Y,Y,Y,6,/scale/trans/apptschedule,https://trav.manhscale.com/scale/trans/apptschedule,https://trav.manhscale.com/scale/details/form/4069,transaction_menu,view_only_do_not_submit,False,MetaTrans_APPTSCHEDULE,loaded_matching_form,True,apptCalendar.htm,1,5,2,0,['CrudDataPane'],Snapdragon/database/main_ui_screens.json
4070,1441,Receipt Line,MNU_TPMRECEIPTLINEENTRYDETAILS,40,Y,Y,N,7,/tpm/details/tpmreceiptlineentry,https://trav.manhscale.com/tpm/details/tpmreceiptlineentry,https://trav.manhscale.com/scale/details/form/4070,tpm,separate_portal,False,ReceiptDetail,loaded_matching_form,True,TPMRecieptLine.htm,1,4,11,0,['CrudDataPane'],Snapdragon/database/main_ui_screens.json
4072,1481,Receipt Status Insight,MNU_TPMRECEIPTSTSINSIGHT,10,Y,Y,Y,7,/tpm/insights/4072,https://trav.manhscale.com/tpm/insights/4072,https://trav.manhscale.com/scale/details/form/4072,tpm,separate_portal,False,METADATA_INSIGHT_TPM_RECEIPT_HEADER_STATUS_VIEW,loaded_matching_form,True,OnReceiptStatus.htm,5,16,29,14,"['SaveSearchModalDialog', 'InsightMenuPane', 'SearchPane', 'ListPane', 'DetailPane']",Snapdragon/database/main_ui_screens.json
4073,1482,Receipt Line Status Insight,MNU_TPMRECEIPTLINESTSINSIGHT,10,Y,Y,Y,7,/tpm/insights/4073,https://trav.manhscale.com/tpm/insights/4073,https://trav.manhscale.com/scale/details/form/4073,tpm,separate_portal,False,METADATA_INSIGHT_TPM_RECEIPT_LINE_STATUS_VIEW,loaded_matching_form,True,TPMRecieptLineStatusinsight.htm,5,16,29,16,"['SaveSearchModalDialog', 'InsightMenuPane', 'SearchPane', 'ListPane', 'DetailPane']",Snapdragon/database/main_ui_screens.json
4074,1553,Receipt Submitted,MNU_TPMRECEIPTSUBMITTEDTRANSACTION,40,Y,Y,N,7,/tpm/trans/tpmreceiptsubmitted,https://trav.manhscale.com/tpm/trans/tpmreceiptsubmitted,https://trav.manhscale.com/scale/details/form/4074,tpm,separate_portal,False,MetaTrans_TpmSubmit,loaded_matching_form,True,TPMRecieptsubmitted.htm,1,3,10,5,['MainDataPane'],Snapdragon/database/main_ui_screens.json
4075,1644,Purchase Order,MNU_TPMPURCHASEORDERENTRYDETAILS,10,Y,Y,Y,7,/tpm/details/tpmpurchaseorderentry,https://trav.manhscale.com/tpm/details/tpmpurchaseorderentry,https://trav.manhscale.com/scale/details/form/4075,tpm,separate_portal,False,PurchaseOrderHeaderView,loaded_matching_form,True,TPMpurchaseorder.htm,1,7,25,9,['CrudDataPane'],Snapdragon/database/main_ui_screens.json
4078,1480,Purchase Order Status Insight,MNU_TPMPURCHASEORDERSTSINSIGHT,10,Y,Y,Y,7,/tpm/insights/4078,https://trav.manhscale.com/tpm/insights/4078,https://trav.manhscale.com/scale/details/form/4078,tpm,separate_portal,False,METADATA_INSIGHT_TPM_PURCHASE_ORDER_HEADER_VIEW,loaded_matching_form,True,TPMpurchaseorderstatusinsight.htm,5,18,35,13,"['SaveSearchModalDialog', 'InsightMenuPane', 'SearchPane', 'ListPane', 'DetailPane']",Snapdragon/database/main_ui_screens.json
4079,1479,Purchase Order Line Status Insight,MNU_TPMPURCHASEORDERLINESTSINSIGHT,10,Y,Y,Y,7,/tpm/insights/4079,https://trav.manhscale.com/tpm/insights/4079,https://trav.manhscale.com/scale/details/form/4079,tpm,separate_portal,False,METADATA_INSIGHT_TPM_PURCHASE_ORDER_LINE_STATUS_VI,loaded_matching_form,True,TpmPurchaseOrderLineStatusInsight.htm,5,15,28,15,"['SaveSearchModalDialog', 'InsightMenuPane', 'SearchPane', 'ListPane', 'DetailPane']",Snapdragon/database/main_ui_screens.json
4080,1439,Purchase Order Line,MNU_TPMPURCHASEORDERLINEENTRYDETAILS,40,Y,Y,N,7,/tpm/details/tpmpurchaseorderlineentry,https://trav.manhscale.com/tpm/details/tpmpurchaseorderlineentry,https://trav.manhscale.com/scale/details/form/4080,tpm,separate_portal,False,PURCHASEORDERDETAIL,loaded_matching_form,True,TpmPurchaseOrderLine.htm,1,4,9,0,['CrudDataPane'],Snapdragon/database/main_ui_screens.json
4081,1551,Purchase Order Submitted,MNU_TPMPURCHASEORDERSUBMITTEDTRANSACTION,40,Y,Y,N,7,/tpm/trans/tpmpurchaseordersubmitted,https://trav.manhscale.com/tpm/trans/tpmpurchaseordersubmitted,https://trav.manhscale.com/scale/details/form/4081,tpm,separate_portal,False,MetaTrans_TpmSubmit,loaded_matching_form,True,TPMpurchaseordersubmitted.htm,1,3,10,5,['MainDataPane'],Snapdragon/database/main_ui_screens.json
4085,1552,Receipt From Purchase Order,MNU_TPMRECEIPTFROMPOTRANSACTION,40,Y,Y,N,7,/tpm/trans/tpmReceiptFromPO,https://trav.manhscale.com/tpm/trans/tpmReceiptFromPO,https://trav.manhscale.com/scale/details/form/4085,tpm,separate_portal,False,MetaTrans_GetTpmReceiptFromPO,loaded_matching_form,True,TPMRecieptFromPO.htm,1,7,13,12,['MainDataPane'],Snapdragon/database/main_ui_screens.json
4086,1795,Warehouse Mobile Menu Insight,MNU_WAREHOUSEMOBILEMENUINSIGHT,120,Y,Y,N,6,/scale/insights/4086,https://trav.manhscale.com/scale/insights/4086,https://trav.manhscale.com/scale/details/form/4086,insight,direct_route_candidate,False,METADATA_INSIGHT_WAREHOUSE_MOBILE_MENU_VIEW,loaded_matching_form,True,WMmobileMenuInsight.htm,6,19,27,15,"['SaveSearchModalDialog', 'GadgetCalculationQueryDialog', 'InsightMenuPane', 'SearchPane', 'ListPane', 'DetailPane']",Snapdragon/database/main_ui_screens.json
4087,1669,Warehouse Mobile Menu,MNU_WAREHOUSEMOBILEMENUDETAILS,40,Y,Y,N,6,/scale/details/warehousemobilemenu,https://trav.manhscale.com/scale/details/warehousemobilemenu,https://trav.manhscale.com/scale/details/form/4087,record_detail_template,record_context_required,False,WarehouseMobileMenu,loaded_matching_form,True,WMmobileMenuCreate.htm,1,6,24,13,['CrudDataPane'],Snapdragon/database/main_ui_screens.json
4088,1801,World Ease Insight,MNU_WORLDEASEINSIGHT,40,Y,Y,Y,6,/scale/insights/4088,https://trav.manhscale.com/scale/insights/4088,https://trav.manhscale.com/scale/details/form/4088,insight,direct_route_candidate,False,METADATA_INSIGHT_WORLD_EASE_GROUP_VIEW,loaded_matching_form,True,WorldEase_insight.htm,6,21,28,8,"['SaveSearchModalDialog', 'InsightMenuPane', 'SearchPane', 'GadgetCalculationQueryDialog', 'ListPane', 'DetailPane']",Snapdragon/database/main_ui_screens.json
4090,1525,Company Transfer,MNU_INVENTORYCOMPANYTRANSFERTRANSACTION,20,Y,Y,Y,6,/scale/trans/inventoryCompanyTransfer,https://trav.manhscale.com/scale/trans/inventoryCompanyTransfer,https://trav.manhscale.com/scale/details/form/4090,transaction_menu,view_only_do_not_submit,False,CompanyTransferRequestProcessor,loaded_matching_form,True,Company_transfer.htm,1,6,23,0,['CrudDataPane'],Snapdragon/database/main_ui_screens.json
4091,1790,Tote Insight,MNU_TOTEINSIGHT,40,Y,Y,Y,6,/scale/insights/4091,https://trav.manhscale.com/scale/insights/4091,https://trav.manhscale.com/scale/details/form/4091,insight,direct_route_candidate,False,METADATA_INSIGHT_TOTE_VIEW,loaded_matching_form,True,Toteinsight.htm,6,20,30,12,"['SaveSearchModalDialog', 'GadgetCalculationQueryDialog', 'InsightMenuPane', 'SearchPane', 'ListPane', 'DetailPane']",Snapdragon/database/main_ui_screens.json
4092,1791,Tote Detail Insight,MNU_TOTEDETAILINSIGHT,40,Y,Y,Y,6,/scale/insights/4092,https://trav.manhscale.com/scale/insights/4092,https://trav.manhscale.com/scale/details/form/4092,insight,direct_route_candidate,False,METADATA_INSIGHT_TOTE_LINE_VIEW,loaded_matching_form,True,Totedetailinsight.htm,6,18,25,25,"['SaveSearchModalDialog', 'GadgetCalculationQueryDialog', 'InsightMenuPane', 'SearchPane', 'ListPane', 'DetailPane']",Snapdragon/database/main_ui_screens.json
4093,1779,Putwall Insight,MNU_PUTWALLINSIGHT,40,Y,Y,Y,6,/scale/insights/4093,https://trav.manhscale.com/scale/insights/4093,https://trav.manhscale.com/scale/details/form/4093,insight,direct_route_candidate,False,METADATA_INSIGHT_PUTWALL_LOCATION_VIEW,loaded_matching_form,True,putwallinsight.htm,6,19,27,12,"['SaveSearchModalDialog', 'GadgetCalculationQueryDialog', 'InsightMenuPane', 'SearchPane', 'ListPane', 'DetailPane']",Snapdragon/database/main_ui_screens.json
4094,1762,DIF Incoming Message Insight,MNU_DIFINCOMINGMESSAGEINSIGHT,120,Y,Y,Y,6,/scale/insights/4094,https://trav.manhscale.com/scale/insights/4094,https://trav.manhscale.com/scale/details/form/4094,insight,direct_route_candidate,False,METADATA_INSIGHT_DIF_INCOMING_MESSAGE,loaded_matching_form,True,DIF_Incoming_Insight.htm,6,19,26,15,"['SaveSearchModalDialog', 'GadgetCalculationQueryDialog', 'InsightMenuPane', 'SearchPane', 'ListPane', 'DetailPane']",Snapdragon/database/main_ui_screens.json
4095,1763,DIF Outgoing Message Insight,MNU_DIFOUTGOINGMESSAGEINSIGHT,120,Y,Y,Y,6,/scale/insights/4095,https://trav.manhscale.com/scale/insights/4095,https://trav.manhscale.com/scale/details/form/4095,insight,direct_route_candidate,False,METADATA_INSIGHT_DIF_OUTGOING_MESSAGE,loaded_matching_form,True,DIF_outgoing_Insight.htm,6,19,26,12,"['SaveSearchModalDialog', 'GadgetCalculationQueryDialog', 'InsightMenuPane', 'SearchPane', 'ListPane', 'DetailPane']",Snapdragon/database/main_ui_screens.json
4096,1758,Archive Data Insight,MNU_ARCHIVEDATAINSIGHT,120,N,Y,Y,6,/scale/insights/4096,https://trav.manhscale.com/scale/insights/4096,https://trav.manhscale.com/scale/details/form/4096,inactive,do_not_count_as_current_route,False,METADATA_INSIGHT_ARCHIVE_DATA_VIEW,not_inspected,False,archivedatainsight.htm,6,18,21,6,"['SaveSearchModalDialog', 'GadgetCalculationQueryDialog', 'InsightMenuPane', 'SearchPane', 'ListPane', 'DetailPane']",Snapdragon/database/main_ui_screens.json
4097,1743,Employee Scorecard,MNU_EMPLOYEESCORECARDINSIGHT,90,Y,Y,Y,6,/scale/insights/4097,https://trav.manhscale.com/scale/insights/4097,https://trav.manhscale.com/scale/details/form/4097,insight,direct_route_candidate,False,,loaded_matching_form,True,labor_Employee_Scorecard.htm,4,9,20,0,"['SaveSearchModalDialog', 'InsightMenuPane', 'SearchPane', 'CrudDataPane']",Snapdragon/database/main_ui_screens.json
4098,1686,SCALE Assist,UI_SCALE_ASSIST,80,Y,Y,N,6,/ScaleAssist,https://trav.manhscale.com/ScaleAssist,https://trav.manhscale.com/scale/details/form/4098,other_application,inspect_separately,False,,loaded_matching_form,True,,0,0,0,0,[],Snapdragon/database/main_ui_screens.json
4101,1606,Configuration,MNU_CONFIGURATION,80,Y,Y,Y,6,/config,https://trav.manhscale.com/config,https://trav.manhscale.com/scale/details/form/4101,configuration_portal,view_cancel_only,False,,loaded_matching_form,True,,0,0,0,0,[],Snapdragon/database/main_ui_screens.json
4103,1739,Sign Bills of Lading,MNU_SIGNBOLTRANSACTION,40,Y,Y,N,6,/scale/trans/signBol,https://trav.manhscale.com/scale/trans/signBol,https://trav.manhscale.com/scale/details/form/4103,transaction_context,context_required_do_not_submit,False,MetaTrans_SignBOL,loaded_matching_form,True,signBOL.htm,1,0,0,0,['CrudDataPane'],Snapdragon/database/main_ui_screens.json
4105,1764,Document Management Insight,MNU_DOCUMENTMANAGEMENTINSIGHT,80,Y,Y,Y,6,/scale/insights/4105,https://trav.manhscale.com/scale/insights/4105,https://trav.manhscale.com/scale/details/form/4105,insight,direct_route_candidate,False,DOCUMENT_MANAGEMENT,loaded_matching_form,True,Doc_Management_Insight.htm,6,19,30,11,"['SaveSearchModalDialog', 'GadgetCalculationQueryDialog', 'InsightMenuPane', 'SearchPane', 'ListPane', 'DetailPane']",Snapdragon/database/main_ui_screens.json
4106,1737,Receipt Monitoring,MNU_RECEIPT_MONITORING,10,Y,Y,Y,6,/scale/monitors/4106,https://trav.manhscale.com/scale/monitors/4106,https://trav.manhscale.com/scale/details/form/4106,monitor,direct_route_candidate,False,,loaded_matching_form,True,receiptmonitoring.htm,3,6,11,0,"['MonitorMenuPane', 'monitorchartPane', 'monitorindicatorpane']",Snapdragon/database/main_ui_screens.json
4116,1738,Indirect Labor Workbench,MNU_INDIRECTLABORWORKBENCHTRANSACTION,90,Y,Y,Y,6,/scale/trans/indirectlaborworkbench,https://trav.manhscale.com/scale/trans/indirectlaborworkbench,https://trav.manhscale.com/scale/details/form/4116,transaction_menu,view_only_do_not_submit,False,MetaTrans_IndirectLaborWorkbenchLog,loaded_matching_form,True,,1,5,6,5,['CrudDataPane'],Snapdragon/database/main_ui_screens.json
4119,1685,Shift Time,CWA_SHIFTTIME,80,Y,Y,N,6,/shifttime,https://trav.manhscale.com/shifttime,https://trav.manhscale.com/scale/details/form/4119,other_application,inspect_separately,False,SHIFTTIME,loaded_matching_form,True,,0,0,0,0,[],Snapdragon/database/main_ui_screens.json
4120,1745,Indirect Labor,UI_WMINDIRECTLABOR,40,Y,Y,N,8,/WarehouseMobile,https://trav.manhscale.com/WarehouseMobile,https://trav.manhscale.com/scale/details/form/4120,warehouse_mobile,separate_mobile_scope,False,,loaded_matching_form,True,,0,0,0,0,[],Snapdragon/database/main_ui_screens.json
4121,1749,Employee Timeline,MNU_EMPLOYEETIMELINEINSIGHT,90,Y,Y,Y,6,/scale/insights/4121,https://trav.manhscale.com/scale/insights/4121,https://trav.manhscale.com/scale/details/form/4121,insight,direct_route_candidate,False,,loaded_matching_form,True,labor_Employee_Timeline.htm,4,9,11,0,"['SaveSearchModalDialog', 'InsightMenuPane', 'SearchPane', 'CrudDataPane']",Snapdragon/database/main_ui_screens.json
4124,1750,Intraday Labor Progress,MNU_INTRADAYLABORPROGRESSINSIGHT,90,Y,Y,Y,6,/scale/insights/4124,https://trav.manhscale.com/scale/insights/4124,https://trav.manhscale.com/scale/details/form/4124,insight,direct_route_candidate,False,,loaded_matching_form,True,labor_Intraday_Labor_Progress.htm,4,9,9,0,"['SaveSearchModalDialog', 'InsightMenuPane', 'SearchPane', 'CrudDataPane']",Snapdragon/database/main_ui_screens.json
4125,1746,SOP Assist,UI_SOP_ASSIST,80,Y,Y,N,6,,,https://trav.manhscale.com/scale/details/form/4125,legacy_or_unresolved,no_configured_web_route,False,,loaded_matching_form,False,,0,0,0,0,[],Snapdragon/database/main_ui_screens.json
4999,1607,Developer Hub,MNU_DEVELOPERPORTAL,120,Y,Y,Y,6,/scale/general/developer,https://trav.manhscale.com/scale/general/developer,https://trav.manhscale.com/scale/details/form/4999,developer_portal,read_only_inspection,False,,loaded_matching_form,True,,0,0,0,0,[],Snapdragon/database/main_ui_screens.json
10000,85,Item unit of measure,UI_ITEM,500,Y,N,Y,1,,,https://trav.manhscale.com/scale/details/form/10000,legacy_or_unresolved,no_configured_web_route,False,ITEM,loaded_matching_form,False,,0,0,0,0,[],Snapdragon/database/main_ui_screens.json
10001,86,View nsns by lin,UI_NSN_BY_LIN,500,Y,N,Y,1,,,https://trav.manhscale.com/scale/details/form/10001,legacy_or_unresolved,no_configured_web_route,False,ITEM,loaded_matching_form,False,,0,0,0,0,[],Snapdragon/database/main_ui_screens.json
10005,91,Item snapshot,UI_ITEM_SNAPSHOT,500,Y,N,Y,1,,,https://trav.manhscale.com/scale/details/form/10005,legacy_or_unresolved,no_configured_web_route,False,ITEM,loaded_matching_form,False,,0,0,0,0,[],Snapdragon/database/main_ui_screens.json
10006,92,LI Shawn,UI_LOCATION_INVENTORY,500,Y,N,Y,1,,,https://trav.manhscale.com/scale/details/form/10006,legacy_or_unresolved,no_configured_web_route,False,LOCATION_INVENTORY,loaded_matching_form,False,,0,0,0,0,[],Snapdragon/database/main_ui_screens.json
40000,1747,Item Location Assignment,MNU_ITEMLOCATIONASSIGNMENTDETAILS,520,Y,Y,N,6,/scale/details/itemLocationAssignment,https://trav.manhscale.com/scale/details/itemLocationAssignment,https://trav.manhscale.com/scale/details/form/40000,record_detail_template,record_context_required,False,ItemLocationAssignment,loaded_matching_form,True,LNitemLocAssWin.htm,1,6,18,0,['CrudDataPane'],Snapdragon/database/main_ui_screens.json
40005,1418,Item Location Capacity,MNU_ITEMLOCATIONCAPACITYDETAILS,520,Y,Y,N,6,/scale/details/itemLocationCapacity,https://trav.manhscale.com/scale/details/itemLocationCapacity,https://trav.manhscale.com/scale/details/form/40005,record_detail_template,record_context_required,False,ItemLocationCapacity,loaded_matching_form,True,LNitemLocCapWin.htm,1,7,24,0,['CrudDataPane'],Snapdragon/database/main_ui_screens.json
40010,1654,MNU_ITEMUOMTRANSACTION,MNU_ITEMUOMTRANSACTION,40,Y,Y,N,6,/scale/trans/itemUOM,https://trav.manhscale.com/scale/trans/itemUOM,https://trav.manhscale.com/scale/details/form/40010,transaction_context,context_required_do_not_submit,False,MetaTrans_GetItem,loaded_matching_form,True,ItemUMWin.htm ,1,5,9,11,['CrudDataPane'],Snapdragon/database/main_ui_screens.json
40015,1580,Item Unit of Measure Details,MNU_ITEMUOMDETAILDETAILS,40,Y,Y,N,6,/scale/details/itemUOMDetail,https://trav.manhscale.com/scale/details/itemUOMDetail,https://trav.manhscale.com/scale/details/form/40015,record_detail_template,record_context_required,False,ItemUnitOfMeasure,loaded_matching_form,True,ItemUMWin.htm,1,8,30,0,['CrudDataPane'],Snapdragon/database/main_ui_screens.json
40020,1549,Lookup,MNU_TPMLOOKUPTRANSACTION,80,Y,Y,N,7,/tpm/trans/tpmlookup,https://trav.manhscale.com/tpm/trans/tpmlookup,https://trav.manhscale.com/scale/details/form/40020,tpm,separate_portal,False,MetaTrans_GetLookup,loaded_matching_form,True,,3,5,5,0,"['LookupMenuPane', 'SearchPane', 'ListPane']",Snapdragon/database/main_ui_screens.json
50000,1681,Screen Group Column,MNU_SCREENGROUPCOLUMNDETAILS,120,Y,Y,N,6,/scale/details/screengroupcolumn,https://trav.manhscale.com/scale/details/screengroupcolumn,https://trav.manhscale.com/scale/details/form/50000,metadata_editor,context_required_configuration_view_cancel_only,False,ScreenGroupColumn,loaded_matching_form,True,configMetadata.htm,1,7,24,12,['CrudDataPane'],Snapdragon/database/main_ui_screens.json
50001,1679,Screen Control Grid Columns,MNU_SCREENCONTROLGRIDCOLUMNSDETAILS,120,Y,Y,N,6,/scale/details/screencontrolgridcolumns,https://trav.manhscale.com/scale/details/screencontrolgridcolumns,https://trav.manhscale.com/scale/details/form/50001,metadata_editor,context_required_configuration_view_cancel_only,False,ScreenControlGridColumns,loaded_matching_form,True,configMetadata.htm,1,8,37,0,['CrudDataPane'],Snapdragon/database/main_ui_screens.json
50002,1676,Screen Control Attributes,MNU_SCREENCONTROLATTRIBUTESDETAILS,120,Y,Y,N,6,/scale/details/screencontrolattributes,https://trav.manhscale.com/scale/details/screencontrolattributes,https://trav.manhscale.com/scale/details/form/50002,metadata_editor,context_required_configuration_view_cancel_only,False,ScreenControlAttributes,loaded_matching_form,True,configMetadata.htm,1,7,32,0,['CrudDataPane'],Snapdragon/database/main_ui_screens.json
50003,1677,Screen Control Event Parameters,MNU_SCREENCONTROLEVENTPARAMETERSDETAILS,120,Y,Y,N,6,/scale/details/screencontroleventparameters,https://trav.manhscale.com/scale/details/screencontroleventparameters,https://trav.manhscale.com/scale/details/form/50003,metadata_editor,context_required_configuration_view_cancel_only,False,ScreenControlEventParameters,loaded_matching_form,True,configMetadata.htm,1,6,21,0,['CrudDataPane'],Snapdragon/database/main_ui_screens.json
50004,1678,Screen Control Event,MNU_SCREENCONTROLEVENTDETAILS,120,Y,Y,N,6,/scale/details/screencontrolevent,https://trav.manhscale.com/scale/details/screencontrolevent,https://trav.manhscale.com/scale/details/form/50004,metadata_editor,context_required_configuration_view_cancel_only,False,ScreenControlEvent,loaded_matching_form,True,configMetadata.htm,1,7,24,5,['CrudDataPane'],Snapdragon/database/main_ui_screens.json
50005,1675,Screen Control,MNU_SCREENCONTROLDETAILS,120,Y,Y,N,6,/scale/details/screencontrol,https://trav.manhscale.com/scale/details/screencontrol,https://trav.manhscale.com/scale/details/form/50005,metadata_editor,context_required_configuration_view_cancel_only,False,ScreenControl,loaded_matching_form,True,configMetadata.htm,1,11,39,40,['CrudDataPane'],Snapdragon/database/main_ui_screens.json
50006,1680,Screen Group,MNU_SCREENGROUPDETAILS,120,Y,Y,N,6,/scale/details/screengroup,https://trav.manhscale.com/scale/details/screengroup,https://trav.manhscale.com/scale/details/form/50006,metadata_editor,context_required_configuration_view_cancel_only,False,ScreenGroup,loaded_matching_form,True,configMetadata.htm,1,10,36,32,['CrudDataPane'],Snapdragon/database/main_ui_screens.json
50007,1682,Screen Part,MNU_SCREENPARTDETAILS,120,Y,Y,N,6,/scale/details/screenpart,https://trav.manhscale.com/scale/details/screenpart,https://trav.manhscale.com/scale/details/form/50007,metadata_editor,context_required_configuration_view_cancel_only,False,ScreenPart,loaded_matching_form,True,configMetadata.htm,1,8,28,11,['CrudDataPane'],Snapdragon/database/main_ui_screens.json
50008,1674,Screen,MNU_MAINUISCREENDETAILS,120,Y,Y,N,6,/scale/details/mainuiscreen,https://trav.manhscale.com/scale/details/mainuiscreen,https://trav.manhscale.com/scale/details/form/50008,metadata_editor,context_required_configuration_view_cancel_only,False,MainUIScreen,loaded_matching_form,True,configMetadata.htm,1,8,29,10,['CrudDataPane'],Snapdragon/database/main_ui_screens.json
50009,1673,Form,MNU_FORMDETAILS,120,Y,Y,N,6,/scale/details/form,https://trav.manhscale.com/scale/details/form,https://trav.manhscale.com/scale/details/form/50009,metadata_editor,context_required_configuration_view_cancel_only,False,Form,loaded_matching_form,True,configMetadata.htm,1,7,21,8,['CrudDataPane'],Snapdragon/database/main_ui_screens.json
50010,1501,Monitoring Screen Builder,MNU_MONITORINGBUILDERTRANSACTION,120,Y,Y,N,6,/scale/trans/monitoringbuilder,https://trav.manhscale.com/scale/trans/monitoringbuilder,https://trav.manhscale.com/scale/details/form/50010,metadata_editor,context_required_configuration_view_cancel_only,False,MetaTrans_GetMonitoringBuilderModel,loaded_matching_form,True,monitoringScreenBuilder.htm,1,8,16,16,['CrudDataPane'],Snapdragon/database/main_ui_screens.json
50012,1637,Database Table View,MNU_DBTABLEVIEWTRANSACTION,120,Y,Y,N,6,/scale/trans/dbtableview,https://trav.manhscale.com/scale/trans/dbtableview,https://trav.manhscale.com/scale/details/form/50012,metadata_editor,context_required_configuration_view_cancel_only,False,MetaTrans_DbTableInfo,loaded_matching_form,True,DbTableView.htm,1,4,3,5,['CrudDataPane'],Snapdragon/database/main_ui_screens.json
60010,96,Work Execution,UI_WMWORKEXECUTION,50,Y,Y,N,8,/WarehouseMobile,https://trav.manhscale.com/WarehouseMobile,https://trav.manhscale.com/scale/details/form/60010,warehouse_mobile,separate_mobile_scope,False,,loaded_matching_form,True,,0,0,0,0,[],Snapdragon/database/main_ui_screens.json
60011,97,Warehouse Mobile,MNU_WAREHOUSEMOBILE,80,Y,Y,Y,8,/WarehouseMobile,https://trav.manhscale.com/WarehouseMobile,https://trav.manhscale.com/scale/details/form/60011,warehouse_mobile,separate_mobile_scope,False,,loaded_matching_form,True,,0,0,0,0,[],Snapdragon/database/main_ui_screens.json
60012,101,Activity Architect,MNU_ACTIVITYARCHITECT,120,Y,Y,Y,6,/WarehouseMobile/activityArchitect,https://trav.manhscale.com/WarehouseMobile/activityArchitect,https://trav.manhscale.com/scale/details/form/60012,warehouse_mobile,separate_mobile_scope,False,,loaded_matching_form,True,,0,0,0,0,[],Snapdragon/database/main_ui_screens.json
60013,1259,Remove Cart Container,UI_WMREMOVECARTCONTAINER,40,Y,Y,N,8,/WarehouseMobile,https://trav.manhscale.com/WarehouseMobile,https://trav.manhscale.com/scale/details/form/60013,warehouse_mobile,separate_mobile_scope,False,,loaded_matching_form,True,,0,0,0,0,[],Snapdragon/database/main_ui_screens.json
60014,1757,Pallet QC,UI_WMPALLETQC,40,Y,Y,N,8,/WarehouseMobile,https://trav.manhscale.com/WarehouseMobile,https://trav.manhscale.com/scale/details/form/60014,warehouse_mobile,separate_mobile_scope,False,,loaded_matching_form,True,,0,0,0,0,[],Snapdragon/database/main_ui_screens.json
60020,100,Close Container,UI_WMCLOSECONTAINER,40,Y,Y,N,8,/WarehouseMobile,https://trav.manhscale.com/WarehouseMobile,https://trav.manhscale.com/scale/details/form/60020,warehouse_mobile,separate_mobile_scope,False,,loaded_matching_form,True,,0,0,0,0,[],Snapdragon/database/main_ui_screens.json
60021,99,Receiving,UI_WMRECEIVING,10,Y,Y,N,8,/WarehouseMobile,https://trav.manhscale.com/WarehouseMobile,https://trav.manhscale.com/scale/details/form/60021,warehouse_mobile,separate_mobile_scope,False,,loaded_matching_form,True,,0,0,0,0,[],Snapdragon/database/main_ui_screens.json
60022,102,Close Putaway Group,UI_WMCLOSEPUTAWAYGROUP,10,Y,Y,N,8,/WarehouseMobile,https://trav.manhscale.com/WarehouseMobile,https://trav.manhscale.com/scale/details/form/60022,warehouse_mobile,separate_mobile_scope,False,,loaded_matching_form,True,,0,0,0,0,[],Snapdragon/database/main_ui_screens.json
60023,103,Immediate Dock Transfer,UI_WMIMMEDIATEDOCKTRANSFER,40,Y,Y,N,8,/WarehouseMobile,https://trav.manhscale.com/WarehouseMobile,https://trav.manhscale.com/scale/details/form/60023,warehouse_mobile,separate_mobile_scope,False,,loaded_matching_form,True,,0,0,0,0,[],Snapdragon/database/main_ui_screens.json
60025,1598,Inventory Management,UI_GENEX01TriggerActivation,20,Y,Y,N,8,/WarehouseMobile,https://trav.manhscale.com/WarehouseMobile,https://trav.manhscale.com/scale/details/form/60025,warehouse_mobile,separate_mobile_scope,False,,loaded_matching_form,True,,0,0,0,0,[],Snapdragon/database/main_ui_screens.json
60026,1260,Cycle Count Reconciliation,UI_WMCYCLECOUNTRECONCILE,20,Y,Y,N,8,/WarehouseMobile,https://trav.manhscale.com/WarehouseMobile,https://trav.manhscale.com/scale/details/form/60026,warehouse_mobile,separate_mobile_scope,False,,loaded_matching_form,True,,0,0,0,0,[],Snapdragon/database/main_ui_screens.json
60027,1261,Location Inquiry,UI_WMLOCATIONINQUIRY,20,Y,Y,N,8,/WarehouseMobile,https://trav.manhscale.com/WarehouseMobile,https://trav.manhscale.com/scale/details/form/60027,warehouse_mobile,separate_mobile_scope,False,,loaded_matching_form,True,,0,0,0,0,[],Snapdragon/database/main_ui_screens.json
60028,1581,Shipping Container Nesting,UI_WMSHIPPINGCONTAINERNEST,40,Y,Y,N,8,/WarehouseMobile,https://trav.manhscale.com/WarehouseMobile,https://trav.manhscale.com/scale/details/form/60028,warehouse_mobile,separate_mobile_scope,False,,loaded_matching_form,True,,0,0,0,0,[],Snapdragon/database/main_ui_screens.json
60029,1740,Receipt Container Nesting,UI_WMRECEIPTCONTAINERNEST,10,Y,Y,N,8,/WarehouseMobile,https://trav.manhscale.com/WarehouseMobile,https://trav.manhscale.com/scale/details/form/60029,warehouse_mobile,separate_mobile_scope,False,,loaded_matching_form,True,,0,0,0,0,[],Snapdragon/database/main_ui_screens.json
60030,1584,Putwall Sort,UI_WMPUTWALSORT,40,Y,Y,N,8,/WarehouseMobile,https://trav.manhscale.com/WarehouseMobile,https://trav.manhscale.com/scale/details/form/60030,warehouse_mobile,separate_mobile_scope,False,,loaded_matching_form,True,,0,0,0,0,[],Snapdragon/database/main_ui_screens.json
60031,1597,Multiple Order Pallet Nesting,UI_WMMOPNESTING,40,Y,Y,N,8,/WarehouseMobile,https://trav.manhscale.com/WarehouseMobile,https://trav.manhscale.com/scale/details/form/60031,warehouse_mobile,separate_mobile_scope,False,,loaded_matching_form,True,,0,0,0,0,[],Snapdragon/database/main_ui_screens.json
60034,1582,Clear Putwall Location,UI_WMCLEARPUTWALL,40,Y,Y,N,8,/WarehouseMobile,https://trav.manhscale.com/WarehouseMobile,https://trav.manhscale.com/scale/details/form/60034,warehouse_mobile,separate_mobile_scope,False,,loaded_matching_form,True,,0,0,0,0,[],Snapdragon/database/main_ui_screens.json
60035,1624,Shipping Container QC,UI_WMSHIPPINGCONTAINERQC,40,Y,Y,N,8,/WarehouseMobile,https://trav.manhscale.com/WarehouseMobile,https://trav.manhscale.com/scale/details/form/60035,warehouse_mobile,separate_mobile_scope,False,,loaded_matching_form,True,,0,0,0,0,[],Snapdragon/database/main_ui_screens.json
